id,latitude,longitude,Review_num,Rating,Categories,Price
z0zaCVA-p_5xTsyUZrmR0g,34.064154,-118.343684,2,2,"French, Breakfast & Brunch, Cocktail Bars",1.0
XgQ8riUvnMOBVfRG29NCEQ,34.0701519575396,-118.3076326,1,2,"Korean, Bars, Tapas/Small Plates",
dnYh7aAv1O5RwseWGdLOKQ,34.09948,-118.33167,2,1,"Mexican, Cocktail Bars, Breakfast & Brunch",
wwTc59Ul8abQO0dLon5jkA,34.08841220860647,-118.343722784439,1,2,"New American, Seafood, Vegetarian",
3FlrvSaW-TSwkQDsCpKYEg,34.07211,-118.367363,2,2,"Italian, Pizza",
T4eGk9bvqtHS_M3IVlv72g,34.060420911180366,-118.309614,1,2,"Asian Fusion, Breakfast & Brunch, Wine Bars",1.0
o8Y0SXqQuIC7HOWe45w8PQ,34.057451,-118.295235,0,2,"Sushi Bars, Korean, Barbeque",1.0
1RJCu-0D5ZEnVRBKwqodGQ,34.07587723057971,-118.3233931,2,2,"New American, Breakfast & Brunch, Cocktail Bars",1.0
HuQtriV_ApipXfM8xax33w,34.060415,-118.345018,2,2,"Italian, Cocktail Bars",1.0
25fipMHUHLZTq0sVQINi5g,34.145172,-118.369529,2,1,"New American, Breakfast & Brunch, Beer, Wine & Spirits",1.0
o3yPf6EwWGYNcN3OnZFOPg,34.102376584352314,-118.3273158,1,2,"Cocktail Bars, New American, Wine Bars",
ccJcaRCHQkJmmnGC1SN4hQ,34.06309,-118.29754,2,2,"Asian Fusion, Chicken Shop",1.0
ohosmz6FXVAeoW5nUkYwng,34.09053958699736,-118.27712889122982,2,2,"Taiwanese, Wine Bars, Tapas/Small Plates",1.0
gdt3KaVt_KM0Mgwi69iMfw,34.062128,-118.313381,0,2,"Korean, Comfort Food, Soup",
mogBbg16id_H0pw_YQ3YbA,34.0327954,-118.3477496,2,2,"Italian, Mediterranean, Tapas/Small Plates",1.0
JhFb3lEHS8N6F3oMjJx1Iw,34.10237501283114,-118.32733166957146,1,2,Italian,
A1uhJRnDhxIbn2HzLFaMXg,34.05243,-118.30441,0,2,"Korean, Comfort Food",
IXX4iFv3YcU5TVyjncfQHg,34.061463,-118.311848,1,2,"Seafood, Korean, Barbeque",2.0
z7hrUyqC0c7hgRbHaN4vRw,34.063811,-118.29736,0,2,Korean,2.0
bJvQKjdfoSVoEDSca9hfHg,34.03973,-118.25852,2,2,Peruvian,1.0
V_t4QBPg-eC9-rpD1TRYQg,34.09932,-118.33115,2,1,Italian,2.0
gd6PYDx-leOM97a3MWoO1g,34.0500282776566,-118.24852800000085,2,2,"Italian, Wine Bars",1.0
e0Vs3U-XkLkZ7EJ6JgPAYQ,34.07033,-118.292183,1,2,"Vegetarian, Pizza, Wine Bars",1.0
LJEsTC6Juzr0lL-hla7nVw,34.08865,-118.34291,1,2,French,2.0
nkTDDiUVcNUzt1dPT76blw,34.097844,-118.319237,0,2,New American,
irWMpwJ1JFx5ih4TTQVo6Q,34.0834042177801,-118.31321932635932,1,2,"Cocktail Bars, New American",1.0
AIhWsp8yNfKZfaX9d9Yajg,34.0476,-118.317234,2,2,"Delis, Italian, Sandwiches",1.0
labimxMfErB-poVmmw9n4g,34.09562,-118.29534,2,2,"Middle Eastern, Cocktail Bars",2.0
Upxdio_qS0j-lSnN4EmvjQ,34.08335711316832,-118.2866445,0,2,"Izakaya, Sushi Bars, Beer Bar",
1YedTUOBgR5XmJ1BMlv70Q,34.0903625488281,-118.373489379883,2,2,"Bars, New American, Venues & Event Spaces",2.0
xDIX5kboLJPUz6rDENbeCA,34.08446,-118.30949,0,2,Italian,
Tykto4okKk2seF86k28dww,34.09447,-118.37434,1,1,"Mexican, Mediterranean",2.0
fEY0zHaDMfIW3-N__joDKQ,34.03366320238671,-118.22924462080344,2,2,"Italian, Cocktail Bars, Pizza",2.0
DvektCSGOlP-WNR3fZ4YZA,34.09083206673238,-118.2779915,0,2,"Korean, Bars",2.0
RJi83-A92s-KqFutK9sVdQ,34.08367939117117,-118.32395787428786,1,2,"Ramen, Cocktail Bars",1.0
BAdOTHAvXneDDu4Maqk67g,34.05916423861513,-118.308797031641,2,2,"Soup, Korean",1.0
lRScnMRd-FBlT5QQyrUEUQ,34.046459,-118.238403,2,2,"Italian, Japanese",1.0
PI1TAMjFy1wO9OCiA-VWBA,34.04484,-118.26453,2,2,"Soul Food, Comfort Food, American",1.0
VjCMQkJviJquiJQEawPWfw,34.083612,-118.33985,1,1,New American,2.0
-gZdC8aD42jiBeaAQH1-1g,34.097885,-118.302049,1,2,"Wine Bars, New American",
ld3O8sfn0-z-JKBJdofz2g,34.101802,-118.335394,2,2,"Steakhouses, American, Bars",2.0
bc7Ji4IyEyOZVNJGs1-Bkw,34.044795,-118.265289,1,2,"Comfort Food, Barbeque, New American",1.0
_d3dOIo2dKrBhy4Bmq7stA,34.089695,-118.344703,1,2,"Noodles, Chinese",1.0
pkt6c5JNnFFzZFWJUqvTLg,34.062795,-118.351899,0,2,"Sandwiches, Breakfast & Brunch, Coffee & Tea",
dlwxg5OJLJWTPp-saTgDwA,34.083809,-118.352811,1,2,"Vegan, African",
-pBE_2eSws9dICmU370bTQ,34.06151275641556,-118.3051741336309,0,2,"Korean, Specialty Food, Soup",1.0
S3z6erO2TeljEc-dTPqc9Q,34.141468,-118.388418,2,1,"New American, Lounges, Cocktail Bars",2.0
uzAbw27XQTXTivjgf2bN2w,34.06546312735243,-118.30961677418377,2,2,"Korean, Soup",1.0
P2-J1zY5rKOUsOQ8KryuZQ,34.125214560163364,-118.2905673236568,1,2,Pop-Up Restaurants,2.0
fLs0ykxe4Iw1_3htMWqcTQ,34.102202908406284,-118.29164025136004,2,2,"Mexican, Cocktail Bars, Venues & Event Spaces",
fEY0zHaDMfIW3-N__joDKQ,34.03366320238671,-118.22924462080344,2,2,"Italian, Cocktail Bars, Pizza",2.0
DvektCSGOlP-WNR3fZ4YZA,34.09083206673238,-118.2779915,0,2,"Korean, Bars",2.0
RJi83-A92s-KqFutK9sVdQ,34.08367939117117,-118.32395787428786,1,2,"Ramen, Cocktail Bars",1.0
BAdOTHAvXneDDu4Maqk67g,34.05916423861513,-118.308797031641,2,2,"Soup, Korean",1.0
CcqraT0cuGKYEcZ1ri_kxg,34.042734,-118.250779,2,2,"Hawaiian, Korean, Comfort Food",1.0
lRScnMRd-FBlT5QQyrUEUQ,34.046459,-118.238403,2,2,"Italian, Japanese",1.0
sXdOBghhw-ZU9S-1HxVZVA,34.090127,-118.277598,2,2,"Breakfast & Brunch, New American, Pizza",
PI1TAMjFy1wO9OCiA-VWBA,34.04484,-118.26453,2,2,"Soul Food, Comfort Food, American",1.0
VjCMQkJviJquiJQEawPWfw,34.083612,-118.33985,1,1,New American,2.0
H57RMyO6BWWh-lJZAsZGVA,34.09761883,-118.33281533,1,2,"New American, Breakfast & Brunch, Bakeries",
-gZdC8aD42jiBeaAQH1-1g,34.097885,-118.302049,1,2,"Wine Bars, New American",
bOvnQYw5JJDhpOn70_RUkQ,34.083653,-118.3419599,1,2,"Sandwiches, New American, Mediterranean",1.0
ld3O8sfn0-z-JKBJdofz2g,34.101802,-118.335394,2,2,"Steakhouses, American, Bars",2.0
bc7Ji4IyEyOZVNJGs1-Bkw,34.044795,-118.265289,1,2,"Comfort Food, Barbeque, New American",1.0
_d3dOIo2dKrBhy4Bmq7stA,34.089695,-118.344703,1,2,"Noodles, Chinese",1.0
y4X0KfHJ5XWwxMIRukVr1Q,34.06229367,-118.29757617,1,2,Korean,1.0
pkt6c5JNnFFzZFWJUqvTLg,34.062795,-118.351899,0,2,"Sandwiches, Breakfast & Brunch, Coffee & Tea",
dlwxg5OJLJWTPp-saTgDwA,34.083809,-118.352811,1,2,"Vegan, African",
-pBE_2eSws9dICmU370bTQ,34.06151275641556,-118.3051741336309,0,2,"Korean, Specialty Food, Soup",1.0
S3z6erO2TeljEc-dTPqc9Q,34.141468,-118.388418,2,1,"New American, Lounges, Cocktail Bars",2.0
uzAbw27XQTXTivjgf2bN2w,34.06546312735243,-118.30961677418377,2,2,"Korean, Soup",1.0
P2-J1zY5rKOUsOQ8KryuZQ,34.125214560163364,-118.2905673236568,1,2,Pop-Up Restaurants,2.0
23Qrcz2i9e2e8MstUIIO0A,34.0621807,-118.348153,2,2,Japanese,1.0
fLs0ykxe4Iw1_3htMWqcTQ,34.102202908406284,-118.29164025136004,2,2,"Mexican, Cocktail Bars, Venues & Event Spaces",
JqAjeYMIRTkMpsvsZpqscw,34.0986175537109,-118.329124450684,1,2,"Lounges, Italian, Cocktail Bars",
0MbnNM2IvNWMQ1YsPfDTjQ,34.0921328,-118.3805803,2,1,New American,1.0
TkFEKhsCixPWlShULKvMdQ,34.047056,-118.256544,2,2,"Italian, Desserts, Breakfast & Brunch",1.0
13HnJPfmKw_Uu-sbPiF1wQ,34.032278,-118.364408,1,2,"Wine Bars, Thai, Cocktail Bars",
pLP4joJ99UpIQpNh6kxZFw,34.04019,-118.233569,2,2,New American,
wo3wnj3pMSOPkzqpvbey-g,34.04151,-118.23261,2,2,Middle Eastern,2.0
8lzAX-Uc4o7dwaXnulAFIQ,34.06365,-118.30844,1,2,"Cafes, Chinese, Taiwanese",1.0
TzIJzamxdVGc3zReKbLGaA,34.083628,-118.330168,2,2,"New American, Seafood",2.0
DJek3FUewBzMc0gS-Gms9w,34.12384,-118.26868,2,2,"Gastropubs, Burgers, Salad",1.0
7e9oi3zq_6pP_LU9YPEXLg,34.0891889,-118.3329546312828,2,2,Italian,2.0
9X4Ie-oy8DbweZYjojt1ig,34.057516,-118.304501,0,2,Korean,1.0
NQqA1cjS0rHn_96VwtnhMg,34.07603,-118.32399,1,2,"Asian Fusion, Thai, Vegetarian",1.0
zHJgydeeE0ciaMeGwu-HmA,34.06362763192205,-118.39938018233325,1,2,"Steakhouses, Cocktail Bars",2.0
jQyPDZRaSWyru3ToNM6VEQ,34.081110877467864,-118.27046005506736,2,2,"Sports Bars, American, Indian",2.0
fxeuGYnoRWwm5aGDg1FRJA,34.04994760027338,-118.24004464723886,2,2,"Japanese, Noodles, Asian Fusion",1.0
Gcu1t8hJv9D_CKDhO4-rSw,34.03265,-118.36452,1,2,"Sandwiches, Scandinavian, Burgers",1.0
2t-FTIdnJC1gDjpims7oMQ,34.02479918,-118.27785659,2,1,"Mexican, Food Stands",1.0
gLn9MKqseb1leWZOWqD54g,34.0621910095215,-118.320777893066,0,2,"Breakfast & Brunch, Cafes",0.0
KtqvTE5p8TmFCIrBOIQJsg,34.0472832,-118.2347767338911,0,2,"Korean, Bars",2.0
WJzD72vgqjH7BHE0UF6N4g,34.10453972993196,-118.28711233263222,1,2,"Tacos, Cocktail Bars",
wqYaVXayRRq2rLsOA_eeVw,34.057436704707776,-118.2858811327744,1,2,"Bagels, Breakfast & Brunch, Coffee & Tea",
gTnENRgQRiVa3LxKO6FaBg,34.09045547318777,-118.3184784,1,2,Caribbean,
64BprBYS6h9yliVX_rXlxg,34.04645515952082,-118.2571682,1,2,"Southern, New American, Seafood",
KLUryRjCkaiYgGD1BxAPtA,34.1054642709588,-118.3237039586565,1,2,Diners,1.0
eHwdLWQrg4nr_3fuiH_jhQ,34.0575395,-118.3072592,1,2,"Korean, Bars",1.0
jjy2b_GQQmnfFKqK3mnaQQ,34.02420980721162,-118.38189913167902,1,2,New American,2.0
BQso2uqL2dqJJNBNzqWMJA,34.09114,-118.27948,1,2,"Japanese, Sushi Bars",
IxuAHGu-eQ4fZJZTdzGTYQ,34.047983752108856,-118.32647314233768,2,2,"Southern, Chicken Shop, Comfort Food",1.0
X9KlLFQGSgC0A-q-p1Hu6Q,34.061302,-118.299755,2,2,"Breakfast & Brunch, Coffee & Tea, Sandwiches",1.0
AEv5LTvg1FbGTsnPv486_Q,34.0676057,-118.3976687,2,2,"New American, Bars, Italian",2.0
SHQDM19o0G9fzSxUZRhUPA,34.075386,-118.323919,0,1,Italian,2.0
6o9FPvkaCOhT1YuVfyCzPg,34.046249311504795,-118.26168704777956,1,2,Indian,
2XiO4xWGuSl5Bz1LQMQHQw,34.097813,-118.318449,1,2,"Vietnamese, Asian Fusion",1.0
KmTL0xYVt4_gXcTKLjuxBw,34.067658,-118.343712,0,2,Greek,
TJU7R25ASoWvXgPUUiUZFA,34.0910214,-118.3572208036762,0,2,"Cannabis Dispensaries, Cannabis Collective, Pizza",
MlmcOkwaNnxl3Zuk6HsPCQ,34.0575840824697,-118.30686791039828,2,2,"Ramen, Noodles, Desserts",1.0
HU8Rm8btkG_TQ8jLAdUB-A,34.10145543794222,-118.32619,0,2,"Sushi Bars, Cocktail Bars, New American",
h9PSJ18gQ4kos8A0XAGlng,34.0839249,-118.3630799,2,2,"Argentine, Steakhouses",2.0
OSYoTFAfq9_wFyDH_qUsTA,34.097727,-118.362275,2,2,"Breakfast & Brunch, Coffee & Tea, Cocktail Bars",1.0
0fljf5R-y6gmsiLKnxiGXg,34.0829051912849,-118.376854,0,2,"New American, Seafood, Cocktail Bars",
ul2dT8QzauKP5Yc-q_DZ_g,34.09979,-118.29021,2,2,"Tex-Mex, Breakfast & Brunch, Tacos",1.0
jS8MhTJpHmGYuxcKonGG-A,34.1002441,-118.2906102,2,1,"Mediterranean, New American, Middle Eastern",1.0
OHtTq36D830iydOy8m3J0A,34.069617,-118.403712,2,1,"Steakhouses, Mexican, Cocktail Bars",2.0
zIN25_41Avj-wmcv8KTx-A,34.057488,-118.303298,1,2,"Korean, Barbeque",
m8REJEScsU1T2OlMH_mreQ,34.09564,-118.22806,0,2,Portuguese,2.0
bjbZOrwistgH718oi4TG7g,34.028356987715284,-118.38723600363056,0,2,"Bars, Pasta Shops, Pizza",
U0-5DL9r3JJk6Vn7E2XK8A,34.095237,-118.295817,1,2,Seafood,
mkZq_pN9uMeBvOaDrgWDVQ,34.07402,-118.25153,0,2,Pop-Up Restaurants,
pa4CoCtGkDvovXXhtJRweg,34.06415,-118.399355,1,2,Japanese Curry,1.0
dNxZ53R6QUYOFtd2q0-S2Q,34.0837244,-118.3423348,2,2,"Moroccan, Mediterranean, Halal",
ISl4TG4ski6eSdjJwh3zlg,34.090867,-118.392441,1,1,Italian,2.0
OVYbBxiA-MFNE3wSKlSlgg,34.072075,-118.36748,2,2,"French, Mediterranean, Modern European",2.0
jcUgGKhk1NbzNBED6e_tPg,34.0508304712908,-118.241824954748,1,2,"Japanese, French",1.0
_hHzOXG4SRkBIND2LZf4aQ,34.09956,-118.32916,1,1,"Sports Bars, Lounges, American",1.0
TfJohKDyj1oLIULSyi00WQ,34.03231,-118.36092,1,2,"Breakfast & Brunch, New American, Pizza",1.0
f_o-OpsOsLJgAKDMu2FmTA,34.08113,-118.38464,1,1,"Steakhouses, Pizza, Lounges",2.0
sPw1o5OYWE5C2JtbTXp5wg,34.0786401,-118.3613451,2,1,"Italian, Breakfast & Brunch, Pizza",1.0
kjJT0aclLYI291W0V1DKVg,34.04088199432459,-118.26227691396424,2,2,"Taiwanese, Coffee & Tea, Noodles",1.0
s4bu_G4GYbKXZBaC7WwM7A,34.04225457638447,-118.23529658650853,1,2,"Asian Fusion, Filipino, New American",
8LdFAPdaWMg9sVRgmRv0NQ,34.0996099751367,-118.331350050867,2,1,"New American, Cocktail Bars, Wine Bars",1.0
qCrSlf_TSVxITOYIBXGdJQ,34.092663,-118.344416,2,1,"Cannabis Dispensaries, Cafes",
ALF79fQM2QhMfsBhwPATng,34.0910009082559,-118.363145592593,1,2,"Cocktail Bars, New American, Lounges",2.0
ZKltkN5lOxH1tLeVAO2b6A,34.02464248617733,-118.38132362907578,2,2,New American,1.0
XrPVlXXa4cHLm7qKWFkfCg,34.051909,-118.3843212,2,2,French,2.0
-dmFlY8oohLiep_sexSMSg,34.07223538659772,-118.274630116813,0,2,Filipino,1.0
90itAXJJDUg1nvaZ-WWtEA,34.092576,-118.379496,1,1,"Seafood, Cocktail Bars, Tapas/Small Plates",
U87EaXDc2rl1Ix5K8ijWug,34.07476,-118.30934,1,2,Korean,1.0
JRb7dujShIS-raj42T6-iw,34.09747,-118.28574,0,2,"Hawaiian, Food Stands",
j31RdZbL5R647hA17RQY_Q,34.04543955200967,-118.23592919906234,1,2,"Ramen, Izakaya, Sushi Bars",
D68cNJlgMqDxX0xhkKuHXQ,34.02984483325987,-118.3841697,0,2,"Austrian, Wine Bars, Whiskey Bars",
BgA3NZc1CuymyggAHNWozA,34.0984,-118.302811,0,2,"Food Delivery Services, Chicken Wings, Sandwiches",
6uCcRqFET5kCO41lg-jDgg,34.06617,-118.39872,2,2,"Bars, Sandwiches, Burgers",1.0
z77RF59UiHvPui3Xfxi5Pw,34.09772,-118.31918,0,2,"Delis, Sandwiches",1.0
dq2iOFVVdwYFzQJ629ICjg,34.04501146361135,-118.2649805036731,2,2,New Mexican Cuisine,1.0
gAMhVggfelvAxE40Bg-ywQ,34.07266,-118.25174,1,2,"Bars, Japanese",1.0
UdpE_5k2c3zsGBFdcAjMGA,34.10200275358421,-118.30550492521168,2,1,Thai,1.0
_hHzOXG4SRkBIND2LZf4aQ,34.09956,-118.32916,1,1,"Sports Bars, Lounges, American",1.0
TfJohKDyj1oLIULSyi00WQ,34.03231,-118.36092,1,2,"Breakfast & Brunch, New American, Pizza",1.0
f_o-OpsOsLJgAKDMu2FmTA,34.08113,-118.38464,1,1,"Steakhouses, Pizza, Lounges",2.0
sPw1o5OYWE5C2JtbTXp5wg,34.0786401,-118.3613451,2,1,"Italian, Breakfast & Brunch, Pizza",1.0
kjJT0aclLYI291W0V1DKVg,34.04088199432459,-118.26227691396424,2,2,"Taiwanese, Coffee & Tea, Noodles",1.0
s4bu_G4GYbKXZBaC7WwM7A,34.04225457638447,-118.23529658650853,1,2,"Asian Fusion, Filipino, New American",
8LdFAPdaWMg9sVRgmRv0NQ,34.0996099751367,-118.331350050867,2,1,"New American, Cocktail Bars, Wine Bars",1.0
qCrSlf_TSVxITOYIBXGdJQ,34.092663,-118.344416,2,1,"Cannabis Dispensaries, Cafes",
sfGM1J-gEWaS1QUTJ_4BzQ,34.1015475337119,-118.313183784485,2,2,"Coffee & Tea, Breakfast & Brunch, Burgers",1.0
FPBsEp6Ecp_JE7KD5NsDeA,34.11055,-118.28726,2,2,"Coffee & Tea, Sandwiches, Breakfast & Brunch",1.0
ALF79fQM2QhMfsBhwPATng,34.0910009082559,-118.363145592593,1,2,"Cocktail Bars, New American, Lounges",2.0
ZKltkN5lOxH1tLeVAO2b6A,34.02464248617733,-118.38132362907578,2,2,New American,1.0
XrPVlXXa4cHLm7qKWFkfCg,34.051909,-118.3843212,2,2,French,2.0
-dmFlY8oohLiep_sexSMSg,34.07223538659772,-118.274630116813,0,2,Filipino,1.0
90itAXJJDUg1nvaZ-WWtEA,34.092576,-118.379496,1,1,"Seafood, Cocktail Bars, Tapas/Small Plates",
U87EaXDc2rl1Ix5K8ijWug,34.07476,-118.30934,1,2,Korean,1.0
JRb7dujShIS-raj42T6-iw,34.09747,-118.28574,0,2,"Hawaiian, Food Stands",
j31RdZbL5R647hA17RQY_Q,34.04543955200967,-118.23592919906234,1,2,"Ramen, Izakaya, Sushi Bars",
D68cNJlgMqDxX0xhkKuHXQ,34.02984483325987,-118.3841697,0,2,"Austrian, Wine Bars, Whiskey Bars",
BgA3NZc1CuymyggAHNWozA,34.0984,-118.302811,0,2,"Food Delivery Services, Chicken Wings, Sandwiches",
6uCcRqFET5kCO41lg-jDgg,34.06617,-118.39872,2,2,"Bars, Sandwiches, Burgers",1.0
z77RF59UiHvPui3Xfxi5Pw,34.09772,-118.31918,0,2,"Delis, Sandwiches",1.0
cAwkHVjhAJpsZOayXgUIHw,34.05747564395224,-118.345157057047,2,2,"Breakfast & Brunch, New American, Latin American",1.0
dq2iOFVVdwYFzQJ629ICjg,34.04501146361135,-118.2649805036731,2,2,New Mexican Cuisine,1.0
gAMhVggfelvAxE40Bg-ywQ,34.07266,-118.25174,1,2,"Bars, Japanese",1.0
UdpE_5k2c3zsGBFdcAjMGA,34.10200275358421,-118.30550492521168,2,1,Thai,1.0
ZsSTsfkc9Zn62j6YPR6-rQ,34.089116,-118.361106,1,2,"Pancakes, Cocktail Bars, Coffee & Tea",1.0
71W-QN3-_DHnzUkAc7EG6Q,34.09942,-118.32934,2,1,"Burgers, Gastropubs, American",1.0
LY7ERi0y0OPzk-pNhFadDw,34.04611,-118.23427,1,2,"French, Brasseries",2.0
FSJrDmvmVUyyYDUR_atwsw,34.087078,-118.291398,0,2,"Caribbean, Comfort Food",
qeVao2v6sl3ZWZvHv3Fujw,34.10554105761543,-118.32496502331308,2,2,"Burgers, Sandwiches",1.0
mQI7zUBN3T5s6bF8xA1eMw,34.06365,-118.30882,0,2,"Italian, Sandwiches",
bXfIgNNhPrfuvtQhCy7KMQ,34.0908449,-118.34645,2,1,"Italian, Pizza, Cocktail Bars",1.0
3C2wUqSkpY4-N0O5ArVjwQ,34.0640411376953,-118.288063049316,2,2,"Korean, Comfort Food, Soup",1.0
jVYU9iXvBMiC2A4H12Azfg,34.073416,-118.38192478359193,2,1,"Cocktail Bars, New American, Tapas/Small Plates",2.0
83oQyBcqUqSS0H5tF_KlTg,34.102393461559615,-118.34005046511652,0,2,"Cultural Center, Art Museums, Pop-Up Restaurants",
XY08Qkar-mZOL-5_lYBjFQ,34.101909239681746,-118.3103987789201,0,2,"African, Food Delivery Services",
NgQJZd8PSiFSPC0d90Cf7g,34.09037397614146,-118.38958462568692,1,2,New American,2.0
TWHGJkTAbF22hvXeReQp9w,34.06013289065783,-118.29101483970346,2,2,"Korean, Soup, Seafood",1.0
VlecKklFAtY0auODaqQ3iQ,34.01706389732963,-118.2824448,0,2,Dim Sum,1.0
CbW8U0QAwh5XRkaLt0xNZA,34.077585,-118.259599,2,2,Pizza,1.0
JZ7Co0icWfR_g6wZ454j8w,34.11115,-118.28727,1,2,"Vegan, Gluten-Free, Tapas/Small Plates",1.0
b4SH4SbQUJfXxh6hNkF0wg,34.05074087639161,-118.2485842438198,2,2,"Breakfast & Brunch, Sandwiches",1.0
DzHXv9A_L1ppO8GWLhTT3A,34.08376442333894,-118.2737809,0,2,"Persian/Iranian, Beer, Wine & Spirits, Caterers",
SRbi5518kE2bAmWndx90BA,34.1126446890106,-118.338354051705,0,2,"Wine Bars, New American, Venues & Event Spaces",1.0
KDcTFp2P40ycRj12GKKcXg,34.0691249,-118.3072344,1,2,"Korean, Seafood, Soup",2.0
0IeIzElSBK1XJVqtzFvRlA,34.06635753748882,-118.3096243,1,2,"Chinese, Hot Pot, Korean",1.0
279Moi0HR4_n3KBFENPjhw,34.08515,-118.37675,1,1,Vietnamese,
eM9i1sVyWX44A7Vns8362w,34.07836,-118.37619,1,2,"Japanese, Noodles, Soup",1.0
ZV-nTsg8c4mPx7x1QAhjPg,34.04031940509647,-118.308466,0,2,"Cafes, Desserts",
3C2wUqSkpY4-N0O5ArVjwQ,34.0640411376953,-118.288063049316,2,2,"Korean, Comfort Food, Soup",1.0
jVYU9iXvBMiC2A4H12Azfg,34.073416,-118.38192478359193,2,1,"Cocktail Bars, New American, Tapas/Small Plates",2.0
83oQyBcqUqSS0H5tF_KlTg,34.102393461559615,-118.34005046511652,0,2,"Cultural Center, Art Museums, Pop-Up Restaurants",
XY08Qkar-mZOL-5_lYBjFQ,34.101909239681746,-118.3103987789201,0,2,"African, Food Delivery Services",
NgQJZd8PSiFSPC0d90Cf7g,34.09037397614146,-118.38958462568692,1,2,New American,2.0
TWHGJkTAbF22hvXeReQp9w,34.06013289065783,-118.29101483970346,2,2,"Korean, Soup, Seafood",1.0
VlecKklFAtY0auODaqQ3iQ,34.01706389732963,-118.2824448,0,2,Dim Sum,1.0
CbW8U0QAwh5XRkaLt0xNZA,34.077585,-118.259599,2,2,Pizza,1.0
JZ7Co0icWfR_g6wZ454j8w,34.11115,-118.28727,1,2,"Vegan, Gluten-Free, Tapas/Small Plates",1.0
b4SH4SbQUJfXxh6hNkF0wg,34.05074087639161,-118.2485842438198,2,2,"Breakfast & Brunch, Sandwiches",1.0
BZcPwijPRqY7tynRzt2UTA,34.0738134888355,-118.377491835894,2,1,"Breakfast & Brunch, Sandwiches",1.0
DzHXv9A_L1ppO8GWLhTT3A,34.08376442333894,-118.2737809,0,2,"Persian/Iranian, Beer, Wine & Spirits, Caterers",
SRbi5518kE2bAmWndx90BA,34.1126446890106,-118.338354051705,0,2,"Wine Bars, New American, Venues & Event Spaces",1.0
KDcTFp2P40ycRj12GKKcXg,34.0691249,-118.3072344,1,2,"Korean, Seafood, Soup",2.0
0IeIzElSBK1XJVqtzFvRlA,34.06635753748882,-118.3096243,1,2,"Chinese, Hot Pot, Korean",1.0
279Moi0HR4_n3KBFENPjhw,34.08515,-118.37675,1,1,Vietnamese,
eM9i1sVyWX44A7Vns8362w,34.07836,-118.37619,1,2,"Japanese, Noodles, Soup",1.0
ZV-nTsg8c4mPx7x1QAhjPg,34.04031940509647,-118.308466,0,2,"Cafes, Desserts",
YoQn8MtOimQbqi839TmeZw,34.08319,-118.33881,2,1,"Italian, Wine Bars",2.0
Dnn4_XmzQxOFNpnqh7KyWg,34.0637349,-118.2943728,2,2,Korean,1.0
RpljDiS3TghWGL4ZezUxGw,34.0615366581542,-118.30373139056717,1,2,"Korean, Cocktail Bars, Pubs",1.0
S3CWNRdNqsIe62yvCEPfdw,34.102806,-118.309047,2,1,New American,2.0
CyIhScKPMj7eI1m1ughgZA,34.018789,-118.391818,0,2,"Cambodian, Pop-Up Restaurants",
hIGEvpwFSaHUmyjf8O-TzQ,34.101624,-118.307997,1,2,"Chicken Shop, Thai, Smokehouse",1.0
GMyarj6vbMqr-sS2UG4KVw,34.045191,-118.249529,2,2,"Coffee & Tea, Breakfast & Brunch, New American",1.0
fH7XjMXIElcbga0qYi1Ldw,34.05281294754535,-118.2943279678427,0,2,"Shaved Ice, Desserts, Cafes",
6RptZH8sx1vnQ_io_HrmeA,34.09476619185481,-118.37361469609392,1,2,"French, Japanese, Asian Fusion",2.0
yUCA2hw9zve3hJAzLp1rHQ,34.071731,-118.401508,1,1,"Italian, Bars",2.0
AyZUXwC5E-U6WInXGqcmcA,34.1014312,-118.3029659,2,1,Thai,1.0
rdAPZ90nOQE9hmepb871uQ,34.07721884751336,-118.38108289986847,0,2,"French, Cocktail Bars, Tapas/Small Plates",
fDYbMJqg7WZ4wek2QN3t1w,34.08093,-118.36162,1,1,"French, Asian Fusion",2.0
2BqQ9XjVBQVfMwQPQrmteg,34.051114,-118.277968,0,2,"Korean, Seafood",
QRp8xguSU7XeXH72LDnRFw,34.05271,-118.37648,2,1,"Cuban, Sandwiches, Caribbean",1.0
rYPQv2bCk2orpbHCBfY5Uw,34.03281109015032,-118.33293710759148,2,2,"American, Bars, Desserts",1.0
8SO_kWUmfX-rFZPEA6t09Q,34.10146405916412,-118.3283488,1,1,Supper Clubs,2.0
m_Mb47u9F_G8NR0Fmg6GRg,34.025139006558796,-118.28459988464718,1,1,"Mediterranean, Salad",1.0
jATNfIC4EfHgN0GQEc7c2A,34.092437,-118.338266,1,2,"Mediterranean, Wraps, Salad",1.0
Ano2tuyUPKS6iEWwmesisA,34.06189,-118.36137,1,2,"New American, Coffee & Tea, Breakfast & Brunch",1.0
3_K8UCyMkLiDH4SwaLPylQ,34.0632138,-118.3759254,2,2,"New American, Breakfast & Brunch, Indonesian",2.0
JxSNu4tMyiRe6WK7YW9GAg,34.03266,-118.35751,1,2,"Chinese, Noodles",1.0
eUkd8atkJe4fkKGcD5QZ1A,34.04780882875867,-118.25870740363874,2,2,"Japanese, Bars, Tapas/Small Plates",1.0
UTBAwLDlZVFNHz44e0DLRg,34.07657,-118.31101,1,2,Italian,2.0
hOHWu75whwn2hSc2HvRc6w,34.0869930418948,-118.275715286631,2,1,"Thai, Wine Bars",1.0
UaxSpacBpGQrXv9Cytai2A,34.063763,-118.296482,2,2,"Korean, Barbeque, Bars",2.0
HCvxj0ONPGkzSi_FTS_Aug,34.03217,-118.35465,0,2,"Mexican, Breakfast & Brunch, Cocktail Bars",
us0WnDOySVXXXwCqs0AaCw,34.083336,-118.273231,2,2,"Sushi Bars, Izakaya, Seafood",2.0
zhXpP7qFcSigtLahyTzM-w,34.08339144178031,-118.3499615,0,2,"Cheesesteaks, Sandwiches, Burgers",
Cln5nzmk0idvBbcXorWboQ,34.098215265481926,-118.3330906,1,2,"Ramen, Sushi Bars",
MVb6FXT4c2onkGKFyBBCkg,34.090946,-118.370144,1,1,"Cocktail Bars, Cafes",2.0
HBjWB06zDqg17sqLmErGsg,34.0896835327148,-118.295028686523,0,2,"New American, Seafood, Supper Clubs",2.0
hOHWu75whwn2hSc2HvRc6w,34.0869930418948,-118.275715286631,2,1,"Thai, Wine Bars",1.0
UaxSpacBpGQrXv9Cytai2A,34.063763,-118.296482,2,2,"Korean, Barbeque, Bars",2.0
HCvxj0ONPGkzSi_FTS_Aug,34.03217,-118.35465,0,2,"Mexican, Breakfast & Brunch, Cocktail Bars",
us0WnDOySVXXXwCqs0AaCw,34.083336,-118.273231,2,2,"Sushi Bars, Izakaya, Seafood",2.0
zhXpP7qFcSigtLahyTzM-w,34.08339144178031,-118.3499615,0,2,"Cheesesteaks, Sandwiches, Burgers",
Cln5nzmk0idvBbcXorWboQ,34.098215265481926,-118.3330906,1,2,"Ramen, Sushi Bars",
MVb6FXT4c2onkGKFyBBCkg,34.090946,-118.370144,1,1,"Cocktail Bars, Cafes",2.0
HBjWB06zDqg17sqLmErGsg,34.0896835327148,-118.295028686523,0,2,"New American, Seafood, Supper Clubs",2.0
nqYbRGPmYA0X_sjSBtXpgw,34.102633,-118.292253,2,2,"Mediterranean, Wraps, Kebab",1.0
Gm0rzA9EQD4GgSP9TimLPQ,34.071839,-118.388383,2,1,"Italian, Venues & Event Spaces, Lounges",2.0
ewBzn3KF9B7Iw2sYirNM7A,34.04796665316672,-118.3467199,0,2,"Caribbean, Cafes",
r6-usl4pPnuj9mlP-nEr_g,34.0691820399339,-118.301501308902,2,2,"Korean, Soup, Barbeque",1.0
JFA49Hzbgw0E5FdQ3UFOew,34.06432628413452,-118.30860029748688,0,2,"Burgers, Food Stands, Bars",1.0
Xcl1eK5jHzx6x7wOKRWWDg,34.06186,-118.30848,2,2,"Korean, Barbeque, Buffets",1.0
YBd9QqbFIWcDrHGB6qR_mw,34.04075,-118.26766,0,1,"Tapas Bars, Tapas/Small Plates, Cocktail Bars",2.0
pl5_OLDDXMOdJneeTya48A,34.091112,-118.367826,1,2,"Vegan, Vegetarian, Thai",1.0
sw6oI8DqMt1tAhE-1aecdQ,34.10195,-118.3085,1,2,"Dim Sum, Cantonese, Hong Kong Style Cafe",1.0
oZn4oaOKOI-HcUGecfG4Vw,34.0688094,-118.3988906,2,2,"Steakhouses, Lounges",2.0
8MaRuBRfR80wN3civ6PpWQ,34.1088282,-118.2872851,2,1,"Coffee & Tea, Breakfast & Brunch, Cafes",1.0
DNYoYoaDFxOMc_siRy3W0Q,34.09641,-118.31076,0,2,Diners,2.0
BNuUYnr443Gyfw1gi2bzDg,34.097650433876396,-118.33129647723617,0,2,"Japanese, Seafood, Sushi Bars",
D6_mb0MZdAVvfmwYOFHK-A,34.088527,-118.361878,2,1,"New American, Cocktail Bars, Wine Bars",2.0
uteG6HIb4an-y5fFCXWo7w,34.08366,-118.34327,2,2,Indian,1.0
e8yeADAtTGRyzkOLG5iKSg,34.060099,-118.238083,2,2,"Delis, Grocery, Cajun/Creole",1.0
cD57FLQ-v-brcFOLZ0X0cQ,34.0957147,-118.29263982423105,2,2,Filipino,1.0
Xly2BWefsdcsN-8bbEcFQw,34.078148,-118.383683,0,2,"Italian, Pop-Up Restaurants",
jpMKMKAo5SwqSV1N1wh9Ww,34.04024,-118.32797,1,2,"Specialty Food, Italian",1.0
3JgioaBXTc6uiLMAGH_87Q,34.03039,-118.23652,1,2,"Japanese, Asian Fusion",1.0
HdUJltMQkcJAeQPk8kVuWw,34.06205321835146,-118.2976354313911,0,2,"Korean, Pubs, Asian Fusion",2.0
G_V5eJFfYlTEERyIPR-8MQ,34.054358,-118.251339,2,1,New American,2.0
WwC3_ApPhjTbv2YT5pH2oA,34.0736424077856,-118.376774467984,2,2,"Southern, New American, Cocktail Bars",2.0
NJ5zXTQzIlkG-EhDwqMaIQ,34.04333,-118.31965,1,2,Mexican,1.0
EWbbiUBkGzCYrEoOF05HzA,34.0807951106153,-118.386972025037,2,1,"Mexican, Vegan, Breakfast & Brunch",1.0
0cT3NCSOMeYolQqPc1eJcA,34.06675028123382,-118.2490526331066,1,2,"New American, Cocktail Bars, Seafood",2.0
WkM87Xr2NIECZU_KXKCm8Q,34.08056,-118.38652,2,1,"American, Cocktail Bars, Steakhouses",2.0
B1mGBAiuDg7ZH71O0ba6ZQ,34.06312,-118.36526,1,2,"Mediterranean, Breakfast & Brunch, Coffee & Tea",
f7CNAoEfYBuqaV7HsWcEjg,34.051369,-118.344813,1,2,"Thai, Vegan, Vegetarian",1.0
CXd07gyC_vGU0qh02UwBHA,34.08140117092864,-118.38672753302872,0,1,"Bars, Mediterranean",
tW4eYiMzeWtcJS7kLHL54g,34.072166900233,-118.360551042328,2,2,Brazilian,1.0
KAG0aFy962JY38UeWI8pWQ,34.04665,-118.25616,2,2,"Brazilian, Venues & Event Spaces, Halal",
_OPkAM3mfW1ZTvyIaZLYxg,34.02461602124082,-118.39422091717928,1,2,"Asian Fusion, New American, Cocktail Bars",1.0
uMY7uC9m7HxRNAZGkjtdbA,34.098236,-118.346585,2,1,"Brazilian, Pizza, Sandwiches",1.0
w5EOeYOoxmbYWJ1sUVD94w,34.06143,-118.35405,0,2,"Farmers Market, Comfort Food",1.0
pZc2xT8wE0MR9xuhDuNuPg,34.057521,-118.305825,1,2,Korean,
BEItepse0gBSfkJ4sb_k-g,34.06843993759294,-118.30946334676554,2,2,Thai,1.0
5LU6aNLDG10imXu3btmlcw,34.08227837651286,-118.309317,2,2,"Soul Food, Southern",1.0
GPGSBlT_Qivav8vH_d2yOg,34.0590179783646,-118.41886923183748,2,2,"Taiwanese, Desserts, Noodles",1.0
1XR2J2k4xWW72I_y-aQTRQ,34.09505,-118.37209,0,1,Restaurants,
9aj46PXO-qVVNfifEFK6Dw,34.067758,-118.398921,1,2,"Cocktail Bars, Italian, Pizza",2.0
NlT-6hFP0_6hPo36AW2lIA,34.04068054658935,-118.2500803705502,2,1,"Breakfast & Brunch, New American, Comfort Food",1.0
30jrTz8vh1xSXdtXMvt-mA,34.0498186,-118.3596124,2,2,"Southern, Seafood, Soul Food",1.0
McoTPgG-j-K4Ad-K2myQqg,34.070235,-118.351717,1,2,"American, Breakfast & Brunch, Cocktail Bars",1.0
6LbFJlg64bYEovI1ZEVCKA,34.085407067690774,-118.28705707403986,0,2,"Japanese, Thai",2.0
li-7BWzzZl9UtkqR7vvVlQ,34.0634025999557,-118.36126673292873,1,1,"Cocktail Bars, Coffee & Tea, American",1.0
wB9bJyxmmGRzNC-7LL9GmQ,34.0573502,-118.2481613,0,2,American,
wyeBlcQlwBb8K3L8dJ3ZnA,34.09928,-118.32357,0,2,"Bars, Italian",
5she1SvT28mr_Vi_D6aqAw,34.06345,-118.29487,0,2,Japanese,
DtfL4UVcrl25HbE4AsKMng,34.0551603,-118.3083861,0,2,"Italian, Korean",
Y2_4gSj9r2pzktbkWZrlig,34.0533397,-118.3769423,0,2,"Bakeries, Sandwiches, Breakfast & Brunch",1.0
pAzK1QMM0SOnNZAvl1epzg,34.10187510000001,-118.3102082,1,2,"Mediterranean, Caterers",1.0
CxdwVFNvzICpngoSj1mQpQ,34.100839,-118.3269,0,2,"Coffee & Tea, Desserts, Breakfast & Brunch",
sZg2ou5I4lsaGwlpEGoiVA,34.080997,-118.387258,1,2,"Salad, Breakfast & Brunch, Tacos",
q8buTNBt3FU9vie0D5OOxA,34.083107,-118.338883,2,1,Pizza,1.0
oY1NbopswRBWHJWr3uOn8Q,34.05248,-118.30358,0,2,"Pizza, Chicken Shop, Chicken Wings",
Fb3WueRF1ekhs72psinq5w,34.0833651,-118.3262166,2,1,"Seafood, Peruvian",1.0
tqjJYK3KyBjHRDsMT9kCpw,34.1015109972374,-118.293063073577,2,2,"Filipino, Asian Fusion, Burgers",1.0
W-9NXJW2n_ASzmyPOEEGFg,33.974653976525374,-118.42982970379892,1,2,"Pizza, Ukrainian, Breakfast & Brunch",1.0
vhUwTvtee-4B7187VVGKAA,34.0651613,-118.3437867,0,2,Pizza,
Lop79P2KM9zFUCCaBYz6zA,34.0906351,-118.307928,2,2,Mexican,1.0
ZRTzxkpr5hJGR023LtCZ3Q,33.97475319999869,-118.35731209999572,1,2,"African, New American, Soul Food",1.0
eoOJbi94rj9277dG7WIv0A,34.1030834,-118.28718817285792,2,2,"Breakfast & Brunch, Coffee & Tea, New American",1.0
ifxw-ukCBIpIOXaUqY99SQ,34.05224003482023,-118.2873901227442,0,2,"Wine Bars, Pop-Up Restaurants, Cocktail Bars",
jNh8NbmyDg7WrvLe1r8UFg,34.03960308060933,-118.3395239100762,1,2,Japanese,
-9NXuo0g_NwOPfnKX3Vr_g,34.0352819442964,-118.253066191412,2,2,"Latin American, Cocktail Bars, Wine Bars",2.0
7mDnGste6X27GytIvnOkog,34.050042694706505,-118.26040751777175,1,2,"Japanese, Steakhouses, Bars",2.0
sgqhqcRGuioPSNCVKA-PZg,34.0741838,-118.2793993,1,2,"Chinese, Asian Fusion",1.0
7JqbWRzd6z7EG8c4csI8cA,34.05738270637758,-118.3075563,1,2,"Korean, Soup",1.0
OV0dGThU7E0ZevFSuSbqZQ,34.06874,-118.26383,1,2,"Filipino, Barbeque",1.0
09yem3Q4MAu8GbqMYACw_A,34.11604,-118.23591,1,2,American,2.0
zescAlXv7_bcqcxi38ZeHw,34.083709225038746,-118.3094905,1,2,"Barbeque, Filipino, Noodles",1.0
37gMBHZA9OVE_tckoSRC4Q,34.0296223014593,-118.261869773269,1,2,Mexican,1.0
1Q7l7FJaOGbjZPS5QLfnEA,34.07633,-118.34532,0,2,Italian,
hafmNRWqoLKQ10dMVDh-yQ,34.0775467,-118.2647102,2,2,"Mediterranean, Wine Bars, Tapas/Small Plates",1.0
nlXMXx2MEiNKRrQBWWewHQ,34.05007,-118.24021,1,2,Japanese,1.0
zGE2iCUc3r-UmhVFyyd88w,34.08404,-118.28701,0,2,"Wine Bars, Persian/Iranian, Comfort Food",
lq1MXuvw45E9SfpQL-LMgw,34.09365877324404,-118.37722046726076,2,1,"French, Breakfast & Brunch, Cocktail Bars",2.0
EzTDoLwiqy-cMZbIujA8FQ,34.11092,-118.28721,2,1,New American,1.0
VndWkH3-0P1c23BZiuuAbg,34.039352,-118.258888,2,1,"New American, Cocktail Bars",
kgA43j16Mh-UEAEP8Y_tTw,34.0580878,-118.2937735,1,2,Chicken Shop,1.0
gKixYY0E8s3G24rRm1V9Uw,34.08365,-118.36293,1,2,"Breakfast & Brunch, New American, Creperies",1.0
ayObtPXjSe0gALk8HVAxKg,34.09108,-118.28308,2,2,"Middle Eastern, Mediterranean",1.0
H-59njjlarE5GFpR5NdyGg,34.033941,-118.229608,1,1,"Korean, New American",1.0
DYmSjWNUbU5tyo_gQ7PO5g,34.03221,-118.36072,2,2,Falafel,1.0
6QeZEUhFk1_vZhWvktKnmA,34.09469,-118.33826,2,1,"Sandwiches, Burgers",1.0
WBP9xApA-nER3t5fKmm-NQ,34.1073,-118.28726,0,2,"Brazilian, Cocktail Bars",
INEbr7OmgiqlMWq5Cta8WA,34.063343344827906,-118.3039401,2,2,"Korean, Barbeque",2.0
WuFpPCZh1o5N_AtVvEHbBA,34.083803,-118.350936,0,2,Mediterranean,
l6eEaR8LMTPjSG4aTpxUxg,34.08251,-118.27324,1,2,"Sandwiches, New American, Cafes",1.0
94ke1pTt8LB8qiqNJyANCQ,34.045134,-118.259852,0,2,Cafes,
_Lk0dfzdBAP2rE7SpvC9nQ,34.1123848946893,-118.338532531681,0,1,"Belgian, Pizza",1.0
n--nWwEfxuhWUFeQn9DmSA,34.0577647,-118.2483375,1,1,"New American, Cocktail Bars, Soul Food",1.0
ifjQzwvW_cW8u88GzMaUWg,34.09839,-118.35565,1,1,"New American, Italian, Cocktail Bars",2.0
1e_j1BtMaTinWLC52RJI9w,34.072403433678865,-118.3593799433384,2,2,"New American, Breakfast & Brunch, Cafes",1.0
qrjj7XeIx2XoFOomNVuT5w,34.0813832,-118.3835378,2,1,"Sushi Bars, Seafood, Breakfast & Brunch",2.0
PX8INO1KIEn9kLGKQz8U-w,34.063757,-118.295838,2,2,"Korean, Barbeque",2.0
kXrHt3XkNd_q5rISuvuvVg,34.0729528592999,-118.375559776552,2,2,"Bubble Tea, German, Sandwiches",1.0
0g5pHUv8YMbdZwLvYN2ZJA,34.0734622217272,-118.32395686871718,1,1,"Bakeries, Breakfast & Brunch, Coffee & Tea",1.0
rpWdiTM-i4i3a3otIxoJnw,34.0253950812194,-118.3433254,2,1,"Coffee & Tea, Breakfast & Brunch, Bars",1.0
0z01cdjtl54ksjzKUMgd_w,34.10557,-118.336994,2,1,"Sushi Bars, Japanese, Seafood",1.0
SREXeeGWWQwKP54fCljwZg,34.0719955,-118.360253,2,2,"French, Sandwiches",2.0
DajaCL3eRWKZcIBuEu_N3g,34.08121172302122,-118.38500590635404,1,1,"Vegetarian, Cocktail Bars, Gluten-Free",1.0
xIz8G6F5VQhn22fEjNg0ag,34.059596,-118.239952,0,2,"Laotian, Asian Fusion",1.0
w2tw_rS7uB-9KwjDkQOg4A,34.0397099,-118.2987956,0,2,"New American, Pop-Up Restaurants",
6iXUCuMp-GVzMcS9vrM5oA,34.06597182512104,-118.23590370222428,1,2,"Tea Rooms, Chinese, Cocktail Bars",1.0
yfVs9_kD1Lk7jV8YD0VTWA,34.062128,-118.313381,0,2,"Korean, Specialty Food, Breakfast & Brunch",
mcHP3IfI1b7bXJZKD6PLHA,34.102039,-118.299858,2,2,"Southern, Comfort Food, Chicken Shop",1.0
pBIelgDRVsiebYpooAfbhw,34.0860326,-118.2915951,0,2,"Street Vendors, Mexican",0.0
cywwDn2SYCoef0PUYOXygw,34.03876,-118.28075,1,2,Salvadoran,1.0
LkxqUpoIxcd0tpIuSdeo-g,34.04463,-118.37855514110493,0,2,"Caribbean, Food Trucks",
IromOzFDU7jttAWgXDeKRQ,34.057005,-118.345578,1,2,"Burgers, Sandwiches, American",1.0
PlQjtbZKOw7exAUfrswhNQ,34.06696,-118.30871,2,2,Korean,0.0
_o6cTaR_pnm2XucZS6fTug,34.0844498,-118.3853226,2,2,Mexican,1.0
ru7TAEo7lkbxMmkbFRGFMw,34.047670607827044,-118.3228358697756,2,2,"Seafood, Latin American",1.0
6i7KnRylm4bhPIApDFSVCg,34.08807911,-118.30895127,2,2,"Chicken Shop, Halal",1.0
JcjsPdnxH7Gst3GRxCmdoQ,34.04644447304319,-118.2353367,1,1,Italian,2.0
ccRQxI1-Zw-fSrrLO4WxpA,28.566098,-81.372986,0,2,"Comfort Food, Food Trucks",1.0
JUOtI0Z9aHSE6JDR2542ig,34.09988,-118.29034,1,2,"Japanese, Sushi Bars",1.0
7ZTFZpHjk3laxykr4XO-BQ,34.062128,-118.313381,0,2,"Sandwiches, Latin American, Korean",
7qZBxWisbeVI34gIeNpP1A,34.10114,-118.318459,2,1,"Seafood, Thai, Barbeque",1.0
vBWYSv3Au1mylKUReJRp2Q,34.0547987,-118.2497291,1,2,New American,
bKeJWK8yxAo0x5y_0kGyVA,34.13166,-118.35262,2,2,"Mexican, Cocktail Bars",2.0
RaKnMxcrsFtx6ii7yO353Q,34.0983351,-118.2977342,0,2,"Middle Eastern, Mediterranean, Vegetarian",0.0
0jz2xat0mqFfT2vdX_0igA,34.0543797,-118.2672801,0,2,Peruvian,
-CW_jNF0-x1RAhlGjX3JUg,34.0620713,-118.3464302,2,2,"Italian, Pizza, Comfort Food",1.0
43gfRC7IsZv1mbsWfC-vHw,34.05809662363733,-118.41734567415982,1,2,"New American, Breakfast & Brunch, Comfort Food",1.0
Wx0ZOK9hVg7w3M5MLqpiMQ,34.13977,-118.205337,1,2,Ethiopian,
S3Ew2sIuhoVB4nSTUmxVBg,34.062057747349726,-118.31332167306284,0,2,Sushi Bars,
zjY4EkcLa4rwMLcDtLkmsw,34.0764581,-118.353002592049,0,2,"Mediterranean, Kosher, Cocktail Bars",2.0
8W9bg0G93FLskZsKxgbutg,34.110622,-118.287668,1,1,"Mexican, Cocktail Bars, Latin American",
EFv3zmZMnPcBwL9v5ke0Dg,33.98151239386371,-118.441800427418,1,2,"Sushi Bars, Vegetarian, Pizza",2.0
nMCeecupa8jfOq7-Dcs6Dg,34.033527,-118.240511,2,2,"Taiwanese, Seafood",2.0
kr9RZATtNwJznY9TaMexUA,34.101795,-118.3323928,2,1,"Bars, Mexican",1.0
fSExg_B-7vzHwB_DBicBBQ,34.052886,-118.297311,0,2,"Asian Fusion, Tapas Bars, Cocktail Bars",
JD6tyqraOsi5xF10J0KEwQ,34.09030433,-118.34603833,2,1,"Asian Fusion, Cocktail Bars, Noodles",1.0
vZYsH-d7k7COPUmyvKthcA,34.0118218302658,-118.28228261103948,0,2,"Thai, Specialty Food, Food Delivery Services",1.0
P5o_Fl-kkGLrsbdpNgj4pw,33.98704416113149,-118.44177523308416,0,2,"Korean, Barbeque",
Nb6Qle4iE3eQsUe_rAR6EQ,34.06153,-118.31303,0,2,"Korean, Bars",
iBAScvqX3xilR9IshyyiMA,34.04122379392163,-118.26517090669006,0,1,"Japanese, Food Trucks",
l5xPawJ1xui80qLKzGE5RA,34.07567,-118.32328,1,1,"Italian, Caterers, Pizza",1.0
EKrVpJqTXBjbbJPgHusibQ,34.049526,-118.358656,2,1,Cajun/Creole,1.0
JcjsPdnxH7Gst3GRxCmdoQ,34.04644447304319,-118.2353367,1,1,Italian,2.0
ccRQxI1-Zw-fSrrLO4WxpA,28.566098,-81.372986,0,2,"Comfort Food, Food Trucks",1.0
JUOtI0Z9aHSE6JDR2542ig,34.09988,-118.29034,1,2,"Japanese, Sushi Bars",1.0
7ZTFZpHjk3laxykr4XO-BQ,34.062128,-118.313381,0,2,"Sandwiches, Latin American, Korean",
7qZBxWisbeVI34gIeNpP1A,34.10114,-118.318459,2,1,"Seafood, Thai, Barbeque",1.0
vBWYSv3Au1mylKUReJRp2Q,34.0547987,-118.2497291,1,2,New American,
bKeJWK8yxAo0x5y_0kGyVA,34.13166,-118.35262,2,2,"Mexican, Cocktail Bars",2.0
RaKnMxcrsFtx6ii7yO353Q,34.0983351,-118.2977342,0,2,"Middle Eastern, Mediterranean, Vegetarian",0.0
0jz2xat0mqFfT2vdX_0igA,34.0543797,-118.2672801,0,2,Peruvian,
-CW_jNF0-x1RAhlGjX3JUg,34.0620713,-118.3464302,2,2,"Italian, Pizza, Comfort Food",1.0
43gfRC7IsZv1mbsWfC-vHw,34.05809662363733,-118.41734567415982,1,2,"New American, Breakfast & Brunch, Comfort Food",1.0
Wx0ZOK9hVg7w3M5MLqpiMQ,34.13977,-118.205337,1,2,Ethiopian,
S3Ew2sIuhoVB4nSTUmxVBg,34.062057747349726,-118.31332167306284,0,2,Sushi Bars,
zjY4EkcLa4rwMLcDtLkmsw,34.0764581,-118.353002592049,0,2,"Mediterranean, Kosher, Cocktail Bars",2.0
8W9bg0G93FLskZsKxgbutg,34.110622,-118.287668,1,1,"Mexican, Cocktail Bars, Latin American",
EFv3zmZMnPcBwL9v5ke0Dg,33.98151239386371,-118.441800427418,1,2,"Sushi Bars, Vegetarian, Pizza",2.0
nMCeecupa8jfOq7-Dcs6Dg,34.033527,-118.240511,2,2,"Taiwanese, Seafood",2.0
kr9RZATtNwJznY9TaMexUA,34.101795,-118.3323928,2,1,"Bars, Mexican",1.0
fSExg_B-7vzHwB_DBicBBQ,34.052886,-118.297311,0,2,"Asian Fusion, Tapas Bars, Cocktail Bars",
JD6tyqraOsi5xF10J0KEwQ,34.09030433,-118.34603833,2,1,"Asian Fusion, Cocktail Bars, Noodles",1.0
vZYsH-d7k7COPUmyvKthcA,34.0118218302658,-118.28228261103948,0,2,"Thai, Specialty Food, Food Delivery Services",1.0
E-8QVQA30Zzw4EG3MgsXUg,34.06245574407375,-118.2976682111621,0,2,"Kebab, Hot Pot",
P5o_Fl-kkGLrsbdpNgj4pw,33.98704416113149,-118.44177523308416,0,2,"Korean, Barbeque",
Nb6Qle4iE3eQsUe_rAR6EQ,34.06153,-118.31303,0,2,"Korean, Bars",
iBAScvqX3xilR9IshyyiMA,34.04122379392163,-118.26517090669006,0,1,"Japanese, Food Trucks",
l5xPawJ1xui80qLKzGE5RA,34.07567,-118.32328,1,1,"Italian, Caterers, Pizza",1.0
EKrVpJqTXBjbbJPgHusibQ,34.049526,-118.358656,2,1,Cajun/Creole,1.0
7BZjZLN-YDmFb4Y3N-3aJw,34.09856471008592,-118.30301318583778,2,2,"Japanese, Sushi Bars, Hot Pot",1.0
-XwCatxfjyujeYbhh6ukrQ,34.075313,-118.323881,2,2,"Beer, Wine & Spirits, Sandwiches, Cheese Shops",1.0
9KvPZul13HhcgbDIPE50Tg,34.076099,-118.308832,0,2,"Hawaiian, Filipino",
ktn9AX_cmEqeEDjqdLynzg,34.072601,-118.370773,1,2,"Korean, Asian Fusion",1.0
PXYKRPkEcf4Mczfp_AfP0w,34.07352367484813,-118.21420185267272,2,2,"Food Stands, Mexican",0.0
WXikaEhId91eh1EAo45Ddg,34.0666,-118.3087,1,2,"Mediterranean, Persian/Iranian, Halal",1.0
CXmJB5LZeda27UeBGzk75Q,34.0668715,-118.3615645,2,1,"Vietnamese, Noodles, Bubble Tea",1.0
m-GWL0-PY4oo3LGODpM4IA,34.0893533,-118.2764842,0,2,"Pizza, Wine Bars, Italian",
xPlyX_l_f_Eh3G5YlX6aXA,34.07189115920937,-118.3653948,0,2,Thai,1.0
varmccdK-LO9tbWlzeyfyw,34.08217,-118.30929,1,2,Soul Food,1.0
JYGPEUZy4k5ObXGIjcD3DA,34.06383295052755,-118.30612569141432,2,2,"Korean, Barbeque, Buffets",2.0
PG8AH9RUleG845zm6ATRJA,34.09096,-118.37185,1,2,"Mexican, Beer Bar, Breakfast & Brunch",1.0
9T2bBH4n0_i7KhE0kPQiPw,34.0768811,-118.2580069,1,2,"Cafes, Juice Bars & Smoothies, Breakfast & Brunch",1.0
AGyxcozRYuFPpRD-nBRu0Q,34.030029,-118.383983,2,2,"Italian, Wine Bars",1.0
q74_8BUGymExrHKAsF6l2A,34.08217,-118.30929,0,2,"Chicken Shop, Pan Asian, Singaporean",
OsLpB7cWHwsNyiH8-gedoA,34.10196,-118.30475,2,1,Thai,1.0
j7zBQ2dfP5QDVH8n33X9cg,34.0284352846134,-118.275783478992,0,1,"Chinese, Noodles",0.0
rLKI1EzuwGUFixHtqXqZ9g,34.101411,-118.341748,2,1,"Burgers, Diners, American",1.0
sHMQqLZqaMCZa5ICqpGiNg,34.05531469002796,-118.29178849172808,2,2,"Korean, Seafood, Live/Raw Food",1.0
orLQGo7Nitm0Buj6CMAXDw,34.102342,-118.33999,0,2,Japanese,
cJcf74uix2OELGHzsMhaPQ,34.072103,-118.367278,2,2,"Barbeque, Caterers, American",1.0
_S7e8_ckHrHcJpG0qO0AjQ,34.076418,-118.349103,1,2,"Barbeque, Korean",
g1RqknBKd1r1ajHW8xhAkQ,34.10145472844192,-118.32601257150796,2,2,"Breakfast & Brunch, Burgers",1.0
USSwmlsZWgoxCIcfRlPKag,34.00520832924899,-118.3317730784765,0,2,Cafes,
xInbYfhJbFlSMJ65mPerXA,34.0524482727051,-118.255325317383,0,2,"Food Trucks, Spanish, Seafood",
fTC8HoPbbi1pHl2X9eRxLw,34.04138901368765,-118.35635570230272,0,1,"Food Trucks, Vietnamese",
K8JWSdSz_IYyjGvv0RSBiA,34.025087,-118.394109,1,2,Food Court,1.0
AL2EBhiZVDvrX6Q13z8NCw,34.060291335577396,-118.25776981260285,0,2,"Asian Fusion, Food Trucks, Korean",1.0
-Z-9YfCsSJCyfz0mtHG14w,34.08053,-118.38815,2,1,"Modern European, Cocktail Bars",2.0
Aq1vM8LCcb8mdpCOKCdlsw,34.07267,-118.25178,1,2,Izakaya,2.0
cXfXb64EcLHYlcs_ebXSQg,30.0628157,-91.9341485,0,2,"Cajun/Creole, Burgers, Food Trucks",
JV-Q2G83MyhvnzurmR3mwQ,34.08436,-118.38545,1,2,"New American, Cocktail Bars",1.0
ulnuMzWVV3tuziz0R5IsTg,34.08399014321688,-118.3568115,0,2,"Mexican, Cocktail Bars",2.0
i7DTjyOXM4sSHNzU9Ghvuw,34.0908388,-118.3697416,2,1,"New American, Venues & Event Spaces, Breakfast & Brunch",2.0
4MFZnqY59zuafZTP1UQQWA,34.08370137639582,-118.30966856951208,1,1,"Delis, Italian, Sandwiches",1.0
x9uC3-5WythdfzoIOCK6iQ,34.1116,-118.287737,2,1,"Bars, Breakfast & Brunch, New American",1.0
xKNt9px8lSXTAUQDLwUfHw,34.04621925121103,-118.21720261539384,1,2,"Tacos, Breakfast & Brunch, Cafes",1.0
Rd_IrRGjqsxsvaXoaTqcVw,34.0999892586258,-118.329377017197,2,1,"New American, Cocktail Bars",1.0
8zuw4OVrmrsa4KApcp2edA,34.07188457823081,-118.27339060000315,1,2,"Coffee & Tea, Breakfast & Brunch, Patisserie/Cake Shop",1.0
10cBgJc-d8biKAAL_Bk0CA,34.098273,-118.306147,1,2,Thai,0.0
aK4o0_9VeqkScha4PizDdw,34.04083326272804,-118.3486287,0,2,"Convenience Stores, Candy Stores, Sandwiches",
sYcLm4n3k-FYZm_bKTUJ-g,34.0574299,-118.30658,1,1,"Korean, Soup, Noodles",1.0
RQoD2ucHJJQpCevVNPlLxQ,34.06693,-118.4105,2,1,"New American, Lounges, Tapas/Small Plates",2.0
pxg3VJKR9sA7cJqgXFTrSw,34.07161183604849,-118.2725989,2,2,Filipino,1.0
KRt72M48zUfXQv6yGH5EQQ,34.04580780000001,-118.23407108220891,1,2,"Wine Bars, Italian, Pizza",1.0
aZ6H6jzn3KO_Rznp3l-YzQ,34.072530477423925,-118.3705086,0,2,"Wine Bars, Burgers",1.0
eFSyURx8qNHWpXoV_zCLbg,34.057289738210116,-118.3092634890533,0,2,"Donuts, Desserts, Sandwiches",
Lqmd-E8G7qOlrki2V_QyIw,34.09846,-118.32197,1,1,"Hookah Bars, Cocktail Bars, Mediterranean",1.0
np1ower-PdvK6U7Ixtxm8g,34.06135779060721,-118.2994513,0,2,"Noodles, Korean, Chinese",
7ykDFudSSYFq3RPuSxO77A,34.046804,-118.238826,0,2,"Japanese, Hot Pot, Seafood",2.0
GS3pkYEfqsBeX6pi5iGQyA,34.0945698490726,-118.32926,0,2,"Italian, Desserts",2.0
g5s8qBx7_uUU-3pALdvCMQ,34.050052,-118.242365551451,2,2,Japanese,0.0
J_brGEHHikhvEUiVVwVCsg,34.03267445356502,-118.35856351365328,1,1,"Bakeries, Cafes, Coffee & Tea",1.0
8Dle2edMxFcYbEwbTUc5rQ,34.10078,-118.29077,1,2,"Shaved Ice, Hawaiian",0.0
Wjckf5QPdVQw1ZG82zEarA,34.06142,-118.310424,2,2,"Brazilian, Steakhouses, Wine Bars",2.0
q3uaUrleF1JmntSAY0fb7w,34.061251,-118.299049,1,2,Hawaiian,
g7bvMWpWSNxSoq8WxfEcZQ,34.083913,-118.384953,2,2,"Bakeries, Desserts, Italian",2.0
U-jWH-Cld5YxdJQv7MvKAQ,33.977018,-118.416904,2,2,"New American, Salad, Sandwiches",1.0
rJDsg0rZfuT0tsXbDaxRgA,34.072706,-118.37251,2,1,Seafood,2.0
f6yiLmMHzKfYNzdhD8uGig,34.041982,-118.255175,0,2,"Italian, Wine Bars",
WjuO8PhtqINeWqm-ei8NQA,34.06921,-118.29235,2,2,"Korean, Dim Sum, Noodles",1.0
C_8Y_wwGFummtQ3OQLRjcg,34.074031944589144,-118.3096658611664,1,2,"Sports Bars, New American, Cocktail Bars",1.0
I-LjH718g4s4NYFQr1VKBQ,34.105491,-118.318344,2,1,"French, Brasseries, Cocktail Bars",2.0
-WsogLxtSUQZaWb4ZtAARQ,34.101018785922285,-118.34168493293576,0,1,"French, Wine Bars, Brasseries",
ieKcxY-IptaHIwxxAq5cMA,34.067439868147304,-118.383849804894,2,2,"Breakfast & Brunch, New American, Cocktail Bars",1.0
2n9gAtOvARpVPygaWH1tTQ,34.06860472286797,-118.4026984723464,1,1,Italian,2.0
3tSmSqamooLE_5c-8AaVVg,34.10126264973744,-118.34156738220896,1,2,"Lounges, Cocktail Bars, Burgers",2.0
H9ZlIqEp930ZRniH6VRp8w,34.04738870804829,-118.299641746033,2,2,"Greek, Mediterranean, Bakeries",1.0
ii6YiETRUUjabTFi5QO5Rg,34.10393418532757,-118.32502416252456,1,1,"Mediterranean, Breakfast & Brunch, Cocktail Bars",1.0
VV6WFxK9V9j_p0UVwfdyhQ,34.05407,-118.32042,0,2,"Korean, Izakaya",
PMKI2wtj2VvKudCNnjAc6A,34.04085,-118.26763,1,1,"French, Teppanyaki, Asian Fusion",
9OhKC782fYh0akM1VIfMxQ,34.0974499,-118.349941,2,2,Sandwiches,1.0
abI463RX-RfsRhIE7iGikg,34.08382410759666,-118.3093789,1,2,"Southern, Chicken Shop, Salad",1.0
-WsogLxtSUQZaWb4ZtAARQ,34.101018785922285,-118.34168493293576,0,1,"French, Wine Bars, Brasseries",
ieKcxY-IptaHIwxxAq5cMA,34.067439868147304,-118.383849804894,2,2,"Breakfast & Brunch, New American, Cocktail Bars",1.0
2n9gAtOvARpVPygaWH1tTQ,34.06860472286797,-118.4026984723464,1,1,Italian,2.0
3tSmSqamooLE_5c-8AaVVg,34.10126264973744,-118.34156738220896,1,2,"Lounges, Cocktail Bars, Burgers",2.0
H9ZlIqEp930ZRniH6VRp8w,34.04738870804829,-118.299641746033,2,2,"Greek, Mediterranean, Bakeries",1.0
ii6YiETRUUjabTFi5QO5Rg,34.10393418532757,-118.32502416252456,1,1,"Mediterranean, Breakfast & Brunch, Cocktail Bars",1.0
VV6WFxK9V9j_p0UVwfdyhQ,34.05407,-118.32042,0,2,"Korean, Izakaya",
PMKI2wtj2VvKudCNnjAc6A,34.04085,-118.26763,1,1,"French, Teppanyaki, Asian Fusion",
9OhKC782fYh0akM1VIfMxQ,34.0974499,-118.349941,2,2,Sandwiches,1.0
abI463RX-RfsRhIE7iGikg,34.08382410759666,-118.3093789,1,2,"Southern, Chicken Shop, Salad",1.0
M8OXVXxgWqsg4VUhMnRh8Q,34.053465,-118.32305,1,2,"Korean, Noodles",1.0
ikZRDDD89m54GEOgGfuFzA,34.09774,-118.32811,1,2,"Chicken Shop, Mexican, Salad",1.0
_a1mVQvn7Ucp7aKm7XaAig,34.040901,-118.259679,1,1,"Steakhouses, Seafood, Teppanyaki",1.0
lXipm1mnODP19kdviBqn4g,34.016551,-118.281564,1,2,"Mexican, Bars",1.0
KuW3hA7MJukYpBHpcPjkmQ,34.07613,-118.25518,0,2,"Izakaya, Ramen",
730kuR4OZsSwWDas7QCwGg,34.0483966730337,-118.25858827976226,1,2,"Japanese, Noodles, Asian Fusion",1.0
1VkCkGM09fMm4ft54S9-sQ,34.10186664712404,-118.3264787,0,1,"Desserts, Salad, Sandwiches",
3DtzmA0QbgU1vztjLbyDtA,34.0917573406544,-118.283047317201,1,2,"Bars, Italian, Breakfast & Brunch",
FAW0X9xZIGsxiIX1JfArgQ,34.08475732909685,-118.33840850326398,1,2,"British, Pubs, New American",1.0
Z57u3vyjkRiO5yIOkmGRNA,34.10137,-118.30125,2,2,"Armenian, Lebanese",2.0
nGlLaC0p0naSlgdy2-HCVw,34.051073,-118.254412,2,1,"American, Cocktail Bars",2.0
wcsd41E9wE9-dLnh9GZufA,34.098562201969344,-118.34354952678588,2,1,Southern,1.0
QESGp7XxUcrMsOQ0jxaizA,34.142246,-118.390535,0,1,"Burgers, Ice Cream & Frozen Yogurt, Beer Bar",1.0
MECF-6a3UDWCty0715Yeqw,34.05239,-118.30385,0,2,"Cafes, Coffee & Tea, Juice Bars & Smoothies",
txR7opRpb_KJxtMIZCuBxA,34.101258,-118.295691,0,1,"Salad, Wraps, American",
o5fUB_jEPQERVaFRP_ledw,34.09819,-118.32197,0,2,"Soul Food, Chicken Wings, Korean",
xn6lugKGG0j8fIqw9rteAA,34.06036248322526,-118.2577901088455,0,1,Asian Fusion,
P9Dt_kkU5BTe1v0tJ4KFNw,34.07642,-118.34909,2,2,"Italian, Wine Bars, Pizza",2.0
A6LDWuEICzbyxfzN6nFuhg,34.0528,-118.3126,0,1,Chinese,
fP7xxJgHpPHITZdLvrQGAw,34.08307,-118.38728,1,2,"Japanese, Sushi Bars",2.0
LvCe3gVQJrMGPi0LxcEAlg,34.144132,-118.409025,2,2,"New American, Gastropubs, Breakfast & Brunch",1.0
hnHwGO-uDz9TjQw2xGBZTw,34.04155,-118.25704,1,1,"Breakfast & Brunch, French, Cocktail Bars",1.0
9d-yj1lHBwdSCPq2CbJ58A,34.0910606384277,-118.338226318359,1,2,"Japanese, Diners, Sushi Bars",2.0
59taFywC94rseFrt6J5c3A,34.0708505,-118.4009113,2,1,Italian,2.0
cqUgw5VKsc56vc6vhl1_VQ,34.097739,-118.333441,2,1,"New American, Steakhouses, Cocktail Bars",
LLj451UZrvt3SkZVrEZ4ew,34.0615549821861,-118.304317495701,2,1,"Korean, Noodles, Soup",1.0
Kdfu2ZNUp7jKta9j2cZ2NA,34.0337836676606,-118.241942,1,2,Japanese,2.0
FQT1DQVA0QwhEDs2i-ZNDA,34.0302958095499,-118.292084693909,1,2,Italian,0.0
sQJ788QT7wN5-d4MeuRVQA,34.0550257964308,-118.38336369965,1,2,"New American, Sports Bars, Gastropubs",1.0
Ld1t4eqZzPMWqPhJ1-G-Dw,34.07735952840894,-118.38557627055226,0,1,Italian,
QADDG3waUFFqhjnSn_qfsA,34.092097,-118.279745,2,1,"New American, Cocktail Bars",1.0
KUsdn5cdpsX6XMf7TkwSFg,34.05282475747827,-118.3059214,0,2,Barbeque,
q97MIGXESdhak-LhGKDl0Q,34.0843697,-118.2866364,2,1,"New American, Salad",1.0
ECW1Be-ffWL_oODG1y5fbw,34.09740933546539,-118.3227304,0,2,"Persian/Iranian, Mediterranean",
98nL1641VKFPGBjCjVlaNA,34.041642,-118.251556,1,2,"Mediterranean, Middle Eastern, Halal",1.0
5UhPr_fD5FZDPS-4avTVbQ,34.06207703047767,-118.3142903,,,"Asian Fusion, Cajun/Creole, Sandwiches",
7l5Q9rAxnjBX_vSpxz-JRg,34.0444391,-118.3526087,0,1,"Food Trucks, Seafood, Steakhouses",1.0
BN8NqWMtBc65qGIlQUX01w,33.99666,-118.42863,0,1,"Japanese, Noodles",
IPb017U65V56piqOE1T12g,34.0847863587607,-118.28708252744082,0,2,"Tacos, New Mexican Cuisine",
oiWgt8ncTDsM9_aij6tCyw,34.026938,-118.388354,1,2,"French, Bakeries, Italian",2.0
gh4B1viUS0cIbMGmbbaJtA,34.04502,-118.23749,2,2,"Pizza, Wine Bars",1.0
MngSqXZbc4-x8lZTby1SrA,34.02585,-118.294192,1,2,"Indian, Himalayan/Nepalese",1.0
6keXTWRER7WbgP80Uf1IZw,34.041153,-118.34761,0,2,"Barbeque, Sandwiches",0.0
YcTr0RDHTR1uLjfwL5mEkw,34.07799,-118.25937,1,1,"Thai, Bars",1.0
aQFguaddjBna3ZIBsxjeeA,34.07263781146202,-118.37183378225996,2,1,"Breakfast & Brunch, Cafes",1.0
XpXcEP7JRIQZpDDnsXy2gA,34.08755,-118.34291,1,2,"Bakeries, Coffee & Tea, Breakfast & Brunch",1.0
OD9Ff7dB3Fo9w-P4_MutGw,34.08208,-118.27184,1,2,"Italian, Soul Food, Sandwiches",1.0
Qo4F-RObp5GXE_-vZXzD5g,34.0538506,-118.321126,1,2,"Korean, Noodles, Soup",1.0
bZvzLXrCj8hya33di73d8Q,34.09063302507038,-118.36443325080704,2,1,"New American, Bars",2.0
hFn27QdC78liB2Jak_qWDg,34.047587,-118.256782,0,2,"Latin American, Peruvian",1.0
vkBGae3-5Xkp-pqLDRIM1g,34.065804,-118.383889,1,1,"New American, Breakfast & Brunch, Cafes",1.0
u2ifgpjzrWINDKNJ34h-1g,34.0472941299669,-118.270397856832,1,2,"Coffee & Tea, Cafes, Breakfast & Brunch",1.0
AxPJlSxkCJVJk3sSTL_8OA,34.05972,-118.23702,2,1,"Sandwiches, Breakfast & Brunch, American",1.0
zdjoo1GrpBgCNjgBB5h4_Q,34.101913,-118.336041,1,2,"Bars, American, Sandwiches",1.0
r9IgF_MfQueIPq_o0HB2Mw,34.063811,-118.29736,1,2,"Korean, Barbeque",2.0
-cwr9yJXxSMQZ0GP3NkVog,34.06296932999939,-118.30931669668044,2,1,"Korean, Barbeque",2.0
eYzc8vRzbwPhdplUmVIu3A,34.077773,-118.261306,0,1,"Breakfast & Brunch, Coffee & Tea, Cocktail Bars",
6Dd4kTDiikEB3wQp___0fA,34.0327911,-118.3417282,2,2,Mexican,1.0
Cbi-gvzS75V2xef4xcwnxQ,34.057512,-118.415813,1,2,French,2.0
KtEMG1Aln3vQzte92QJxlw,34.062321315088,-118.340898970219,2,2,"Korean, Barbeque, Seafood",2.0
oQVQ2Ihv2biHJ2jzn3WbnQ,34.097698383093714,-118.3050083,0,2,"Street Vendors, Thai",
LtQu-lT9Hpm_n_5LcXsdYA,34.07642,-118.30557,1,2,"Korean, Comfort Food, Soup",1.0
8polKN4I6fJx1t8pPxogVw,34.034507,-118.283488,2,2,"Italian, Breakfast & Brunch, New American",1.0
DoyIC0ElqglrlHBKDxXOwg,34.08370683,-118.34784433,2,2,"Vegan, Mexican, Vegetarian",1.0
rATll-xwVa_NYlCBB0UaxA,34.09103,-118.30762,1,1,"Pizza, Chicken Wings, Hawaiian",0.0
-toZbE97ELqTd__LwJ3oUA,34.102064,-118.305947,0,2,"Thai, Noodles, Soup",
eC6LKNPIDWHFj4KgDZgpJQ,34.09988893034104,-118.32691729527804,1,2,"Food Stands, Burgers, Sandwiches",1.0
gp4dXraq09Bv-v19Dn0k9w,34.09104583379495,-118.3532488,0,2,"Mexican, Breakfast & Brunch",
xb9-MjRrzDfZRTC2rNvMsw,34.025106543576,-118.3939678967,1,1,"Mediterranean, Salad",1.0
b_A9p1UdTIaDee_6yf-tdg,34.07208683707431,-118.36053968458016,1,2,"Pasta Shops, Italian",1.0
mrEgKltVkacoD6ZNWzQjyg,34.0250839,-118.3941056,1,1,"Noodles, Pop-Up Restaurants",1.0
YpM5qRwt8uwC77WNZtGIfA,34.0736322,-118.3237649,1,1,"Japanese, Sushi Bars",1.0
GLSKTOOmEvAUVVPfDnYygw,34.00371019539533,-118.33236306718446,1,2,"Caribbean, Bars",1.0
W-znmhcbAFwoDtqLCmc9JA,34.04712,-118.25708,2,2,"New American, Breakfast & Brunch, Cocktail Bars",1.0
4q7J4ofefwCxuV25znK2NA,34.073569588102814,-118.37680670215296,1,2,"Brazilian, Venues & Event Spaces, Halal",
gX802b6PyS51OjFrXacWfA,34.042728,-118.250771,1,2,"Thai, Caterers, Seafood",1.0
K1Q7DsCpFfPsJRRr4aOFoQ,34.0764892101288,-118.309097439051,0,2,Korean,0.0
5V7zNZ9IdSUCYrZRXAg2hA,34.04480929049034,-118.2652703,2,1,"Bars, Vegetarian, New American",1.0
7pKS39Tdt0c1hAhdxOWZqA,34.04013967,-118.3085835,1,1,"Indian, Halal, Himalayan/Nepalese",1.0
P7S8klSRcucx_6xoLC7Eqw,34.09049,-118.31391,1,2,"Korean, Barbeque",1.0
VqatIMkoea_OMvHaD2PwOw,34.063779,-118.297282,1,2,"Sushi Bars, Japanese",1.0
eN9OB5t-bz1-XIVWV9Z5XQ,34.0996148076015,-118.331217090919,1,1,"New American, Breakfast & Brunch, Cocktail Bars",1.0
vR2LjJP3beB56AuPGSBSJw,34.06372,-118.36446,1,2,"Sushi Bars, Japanese",1.0
aScRMC73mg2mCFRgzrC_mQ,34.083344,-118.313718,0,2,"Food Stands, Chicken Shop, Soul Food",
tXWWGFaKQBggwOKMdOuCdA,34.03899596275578,-118.30954883265274,1,2,"Latin American, Nicaraguan",1.0
ITNAxP_RUZ_FCPFNt7pjmw,34.0156233070285,-118.334755915362,2,2,"Hot Dogs, Burgers, Vegan",1.0
XBkRSNtBggWGMIfqmIlF2Q,34.0451611,-118.2666712,0,1,Italian,2.0
VzHJuws0xqcqDe5D9vNRUw,34.026873716673464,-118.40866954358448,2,2,"Seafood, Beer Bar",1.0
FwbZVfx2EBQ7aS090V6dzA,34.09780330544328,-118.32598921165676,2,1,Italian,1.0
_NcaStIsQPpn09Daq9U9EQ,34.104651870226284,-118.31904947055224,0,2,New American,1.0
95Lnd5KJcOJJVrLDLYrDjg,34.067758,-118.398921,1,1,"New American, Modern European",2.0
jaNacyO8EzjJwE4uI8JWKw,34.09373,-118.37785,1,2,"Hawaiian, Poke, Fast Food",1.0
nHsaaywPIecjjX87V-wT2g,34.1361610657884,-118.35460986207,2,1,"Italian, Pizza",1.0
IUm-XR_PcbHIARMv8HH0Zg,34.0438777,-118.2578333,1,2,"Wine Bars, Beer, Wine & Spirits, Italian",1.0
UZYUb8E_FKloJW1akvTpqg,34.083469,-118.3510004,1,1,"Speakeasies, Cocktail Bars, Tapas/Small Plates",1.0
hnTTd5XfwSoj7gI7Bl7r9A,34.05273,-118.24769,1,2,"New American, Burgers, Cocktail Bars",1.0
fETqhZO6YjM1VTWCJpT8VA,34.0763248,-118.2567306,1,2,"Cocktail Bars, Burgers",1.0
BDRVlHnK4l0T0ANb7M-Eqg,34.0702395145121,-118.250448424643,2,2,Mexican,1.0
0stUvaDK5l0bW7tGb7_hgQ,34.06737,-118.30892,1,2,"Kebab, Chinese, Korean",1.0
XRbyfQZ7nWwJCOjRC8EW-g,34.098219022751216,-118.27483200232228,1,2,"Vietnamese, Sandwiches",0.0
nUfs4U4kwfqtj13f3dop8w,34.0466890113884,-118.253659875339,1,2,"Burgers, Breakfast & Brunch, Sandwiches",1.0
QHqdoF0ZvI-RXFIJwE5vLw,34.090389341097904,-118.32599134110552,2,2,Chicken Shop,1.0
9qDA6kGLxuZ0bOSYWet4uA,34.088443,-118.268825,1,1,"New American, Cocktail Bars, Coffee & Tea",1.0
eSHhwSinX6d8IVAU3b7ugQ,34.07478,-118.30934,0,2,"Korean, Barbeque, Soup",
9hLOCB7W19YAb9EyS108Lw,34.073623,-118.361649,1,2,"Cocktail Bars, Breakfast & Brunch, Tapas/Small Plates",2.0
yQUQ4qjaqTW82Kli3I8d7w,34.05957804982289,-118.3445881,0,2,"Seafood, Food Trucks, Mexican",1.0
Baqs3SIHR60lXxXAFkjTDg,34.08219,-118.34429,2,2,"Barbeque, American, Cocktail Bars",1.0
IzRINfSLBr6k_dq1e2WNew,34.05241,-118.30071,2,1,Mexican,1.0
qJ6dSJVNUFmTAUc2NREQDQ,34.05536,-118.24879,1,1,"Latin American, Asian Fusion",2.0
k7uDQ8CqreIA-Ez2v62-aQ,34.06193,-118.3107,1,2,"Karaoke, Bars, Gastropubs",1.0
2xV4XhGKLJm-nsdKesd0IA,34.04517,-118.266675,0,2,"Latin American, Cocktail Bars",
8vVy0AFOkusY8sKMT_KP9w,34.08394517,-118.363314,1,2,Pizza,1.0
cxU5blDB5nnZIkn4amrf5A,34.066669,-118.260819,1,2,"Pizza, Salad, Wine Bars",
zRzAOEj6TZEdJMsZk9HDGg,34.06363179620581,-118.31072741590071,1,2,"Korean, Bars, Steakhouses",
RbFfDAJtXKaQevhuWahhwg,33.98715,-118.396452,0,2,"Cajun/Creole, Soul Food, Barbeque",
gEZzvxvK0VtlTXQKelsSxw,34.098385,-118.329773,1,2,"Sushi Bars, Ramen",1.0
KN4dbEU1TFbRhehvi_xV0g,34.0387116497577,-118.264252936783,1,2,"Cafes, Mediterranean",1.0
UUL3cdDeCA0gZIa8lBO1zg,34.04558,-118.2357,2,1,"Mexican, Cocktail Bars",2.0
J_EbbYl1MfLim9gTxWKxAA,34.10081091616505,-118.32646391535552,1,1,"Breakfast & Brunch, Cocktail Bars, Sandwiches",1.0
EuatFAE68mlMZWbuPhoXTQ,34.05646,-118.23775,0,2,Mexican,
QGWk082jQPTOnMJHF9IPYg,34.04727,-118.2348098,1,1,Gastropubs,1.0
1W3uI86Vj6Qw0zNWTl9R8g,34.069008,-118.405871,1,1,"Pizza, Italian",
UJg9U_6djc7Wc089s1hFCg,34.0326985382412,-118.343422987691,2,1,"Breakfast & Brunch, New American, Salvadoran",1.0
Bq6I52mOTyC2iDHU2rh_5w,34.0625121510041,-118.348814569312,2,2,Mexican,0.0
N45JrffOe03QisDOSQ9QTg,34.09520929331353,-118.3290331,0,1,Soul Food,
8TUWLXWgswfRfMBymL0WRg,34.0728,-118.37363,2,2,"Seafood, Chinese, Sushi Bars",2.0
PWKG8FkZHNchXS7yP2RUYA,34.03582,-118.23566,1,2,"Bars, Modern European, Breakfast & Brunch",1.0
1rD2vc1-VR0Wy42DG7ZfJg,34.07363408549294,-118.36164998220896,1,1,American,2.0
1u9ZlJF5txRS1KSQ6r8-RA,34.061319,-118.30627,1,1,"Sushi Bars, Izakaya",
MT5NGtMpYjI-s4l8JqtJWw,34.04079,-118.29179,0,1,Peruvian,
clJmJd_tbaK34j1CN-9MYQ,34.0613398,-118.3113545,2,2,"Pizza, Bars, Burgers",1.0
9RAX9V0NP_K4ldYL5U0BIw,34.04705,-118.26051,0,1,"Breakfast & Brunch, Coffee & Tea, New American",
LlaXbuPQBsRXjZFEx5Wkjw,34.10906,-118.3697,2,2,"Italian, Pizza, Cocktail Bars",2.0
n3ZoyeI0jv0Mpkh92Dxu8Q,34.04855,-118.24806,1,2,Pizza,1.0
yKqC7pgrxCtz3tVHvVjGhQ,34.06450981473835,-118.30899042635431,0,2,"Korean, Gastropubs, Bars",
gWM5n5Tyo5h74t-_lp1WUA,34.069295,-118.307192,2,2,"Korean, Chinese, Noodles",1.0
l4ydq6oYIaCWy5fLZl1OjQ,34.061453,-118.311803,2,1,"Sushi Bars, Barbeque",1.0
fxlD3KE4oHQNOQoE-Z6Wzg,34.056847,-118.28302,0,2,Korean,0.0
3NNz-pVT_auFKzqt45D2ZA,34.07888,-118.30937,2,2,"Korean, Noodles",1.0
EyXDYrpJQJYB5e7mQlTqOg,34.0475158540993,-118.2606971,0,2,Chicken Shop,
-7-7Rqxo2-4RiJ9Yv0T_-A,34.123661,-118.221004,1,1,"Peruvian, Cantonese, Taiwanese",2.0
tcZMtDczkhU5Z2fQBGQfUQ,34.03268,-118.35315,0,2,"Bakeries, Cafes, Bars",
bJeMe365G76fcnFqBHxppg,34.06606,-118.23763,2,1,"Chinese, Seafood",1.0
vUe6SGmCpWRbVdmj1ujMMQ,34.062718,-118.309564,1,2,"Sushi Bars, Asian Fusion, Japanese",1.0
SqWYLEwZxJY7Et8w24lzjw,34.06410333,-118.283964,1,2,"Burgers, New American, Asian Fusion",1.0
-b57JEtLl3V-kTn_VYaarA,34.1002474673489,-118.3292787531682,0,1,"Seafood, Caribbean",
HTFByVH44biQsc_R8sEOjg,34.0620862485445,-118.302658449143,2,2,Korean,1.0
meLKv6j3iQjuYlMKHIcFJQ,34.07282604160247,-118.35857400987662,1,2,Pizza,1.0
zRzmTeTnjf7Gm4WQzqd1xQ,34.102073259795894,-118.32445555017642,2,1,"Sushi Bars, Ramen, Beer Bar",1.0
NGdii-6GhGFUwD6HXEeGtg,34.0833787161873,-118.345596268773,2,2,"Japanese, Sushi Bars",1.0
Osce6shPInsQLAhtJEJnng,34.0953150563252,-118.30253090818807,2,2,Mexican,1.0
k7LtnuppnMlbIQDqNKO3MQ,34.08217,-118.30929,0,1,"Steakhouses, Seafood, New American",
y148iaa36UlRwyOc1-ZasA,34.046986,-118.255475,1,2,"Italian, Venues & Event Spaces, Cocktail Bars",2.0
5PQd_ZMVc6ZKDUhm3sVBEA,34.051471,-118.256423,1,2,Sandwiches,
E4W2T89vm4hmBwk39EoUuw,34.0836332933004,-118.34466214165636,2,1,Ramen,1.0
kBJdl7y-MALnpKwU_HcYkA,34.0264952086667,-118.38868056011874,1,1,"French, Wine Bars, Cocktail Bars",2.0
iDKPhqnZGbI5OqZxnj3ooA,34.0697186,-118.3078831,1,2,"Sushi Bars, Japanese, Asian Fusion",1.0
Zof4QDg2sJe3kle1cP9I9g,34.023497,-118.3934733,2,2,Sardinian,1.0
TmuztHuzFydP4L6BxBkNXA,34.05761,-118.36165,1,2,"Dim Sum, Asian Fusion",1.0
shSWfUgyJI3YG73tJfND2Q,34.09020724344744,-118.34969251712286,1,1,"Taiwanese, Dim Sum",1.0
vC_6J_nGyf4J8xt-Vu6Shw,34.017358,-118.278406,2,2,"Mexican, Sandwiches, Soup",1.0
T-9I7nKH2rBbNpq9uPwT8w,34.077355,-118.256758,1,2,"Cocktail Bars, Live/Raw Food, Seafood",2.0
qpZCi8oVqxOA_YSIaCaMnw,34.0255178,-118.2775239,1,1,"Noodles, Chinese",1.0
YogbTMhCedN50yU_-Cyygg,34.05931959491568,-118.44412354819134,1,1,"New American, Wine Bars, Cocktail Bars",2.0
4WxdnpUFTCr8XU_8lPpX8w,34.101861,-118.32409231530332,2,1,"Burgers, Fast Food",1.0
HW91V0vFjRGE152HgkJsnA,34.08307,-118.28427,1,2,"Breakfast & Brunch, Vegan, Vegetarian",1.0
4bgIaypX-9Xl8CitCgpw2w,34.095317,-118.227645,0,2,"Middle Eastern, Food Stands, Vegan",
itRbyolX26ukjA-me2SJaw,34.0908587498275,-118.337643320946,1,2,Mexican,0.0
pAWfcO6e2ae2pIkJXWO-yA,34.098566064717666,-118.32219707646978,2,1,"Soul Food, Waffles, Chicken Wings",1.0
vQw34CzFuo0qq37hHgHs_g,34.08449667,-118.38426667,1,2,"Sushi Bars, Izakaya, Tapas/Small Plates",2.0
AWQELVqEeeCbstdp8PUVYg,34.062044,-118.3146891,1,2,"Korean, Chinese, Soup",1.0
H_yVj1dSjqYacohidTiaIw,34.10308,-118.291506,2,1,"Lounges, American, Music Venues",2.0
pknqDKeL4mKnwCHxYBnp9A,34.10145,-118.32762,0,2,"Lebanese, Mediterranean, Kebab",
Fcxm2Wnz8lLDi6doGcAMTw,34.0782765,-118.2614713,2,1,French,2.0
ml2zE3ybWyJmQlSKsf1SZA,34.10181294224333,-118.33488602578164,0,2,Tacos,
f2Kf3p31IQMiFl2jHXrVaA,34.16046588944,-118.26455530000348,2,1,Mexican,1.0
iFQOcE33X12V_iO4WY1qqg,34.1280284,-118.3469092,2,2,"Japanese, Sushi Bars, Asian Fusion",1.0
VJZWvjqIlUlVb3DJBz_jAg,34.04685,-118.21777,1,2,"Mexican, Breakfast & Brunch, New American",1.0
QKnDvexwbYgc7c-30-TUgw,34.07243,-118.36913,1,2,"Asian Fusion, Japanese, Korean",
3wg-edpLue-hv4oaCIIgGw,34.0691129583387,-118.406807831426,1,2,"Japanese, Barbeque",2.0
tRxAygogz4DYWtwiY5vpqw,34.043532,-118.376178,1,2,"Seafood, Food Trucks, Mexican",
bY6RStcfjyCJtDr8nLpohQ,34.1169649464573,-118.262093149437,2,2,"Falafel, Salad, Sandwiches",1.0
t__k23QspwzSrYQTPexXjA,34.0909349,-118.3569819,0,2,"Russian, Uzbek",2.0
Ke3WFbRKFHOW7Ity6vO0jQ,34.04314,-118.26371,1,1,Mexican,1.0
CFYfXWh4v5X4B1TEBgdImA,34.08217,-118.30929,0,1,"Chicken Wings, Fast Food",
n8cs5yUAG6XVn52eMChCNw,34.03357583,-118.22909483,1,2,Mexican,2.0
JTb07xUot92CGMmStKyb9A,34.03092,-118.38025,0,2,"Sandwiches, Specialty Food",1.0
Kz8ZETLCLPNzzs9Tb4u1SQ,34.043871,-118.301036,2,2,Italian,1.0
edafZfgTxcy8YSju4484hw,34.0232011799704,-118.300035226834,0,2,"Salvadoran, Seafood, Breakfast & Brunch",
NdLlLE6bv61KiVBtdds2lA,34.038745880127,-118.388565063477,1,1,"Argentine, Latin American, Empanadas",0.0
0kXAJeO1rL4zxa8sa7zL3g,34.05844,-118.3087,2,2,"Ramen, Izakaya, Sushi Bars",1.0
1u9ZlJF5txRS1KSQ6r8-RA,34.061319,-118.30627,1,1,"Sushi Bars, Izakaya",
T_Hiq_zgUz3C3Rlj843ZAw,34.073437,-118.382488,2,1,"Mexican, Breakfast & Brunch, Cocktail Bars",1.0
MT5NGtMpYjI-s4l8JqtJWw,34.04079,-118.29179,0,1,Peruvian,
clJmJd_tbaK34j1CN-9MYQ,34.0613398,-118.3113545,2,2,"Pizza, Bars, Burgers",1.0
9RAX9V0NP_K4ldYL5U0BIw,34.04705,-118.26051,0,1,"Breakfast & Brunch, Coffee & Tea, New American",
HkeSHehQdB8ZaBARpj2K5A,33.96757266621472,-118.35422516894404,0,2,"Middle Eastern, Persian/Iranian",
LlaXbuPQBsRXjZFEx5Wkjw,34.10906,-118.3697,2,2,"Italian, Pizza, Cocktail Bars",2.0
n3ZoyeI0jv0Mpkh92Dxu8Q,34.04855,-118.24806,1,2,Pizza,1.0
yKqC7pgrxCtz3tVHvVjGhQ,34.06450981473835,-118.30899042635431,0,2,"Korean, Gastropubs, Bars",
gWM5n5Tyo5h74t-_lp1WUA,34.069295,-118.307192,2,2,"Korean, Chinese, Noodles",1.0
l4ydq6oYIaCWy5fLZl1OjQ,34.061453,-118.311803,2,1,"Sushi Bars, Barbeque",1.0
fxlD3KE4oHQNOQoE-Z6Wzg,34.056847,-118.28302,0,2,Korean,0.0
3NNz-pVT_auFKzqt45D2ZA,34.07888,-118.30937,2,2,"Korean, Noodles",1.0
EyXDYrpJQJYB5e7mQlTqOg,34.0475158540993,-118.2606971,0,2,Chicken Shop,
beA_DlDpij8O9xK2B-NjEA,34.03518711471021,-118.25592540194448,2,2,"Mexican, Peruvian, Seafood",1.0
szcrp3Yhq6LvblvN7aK39A,34.10047,-118.29124,1,1,"Mediterranean, Salad, Chicken Shop",1.0
V-cOwAPl1pURQcoDXSE4ng,34.09295,-118.28138,0,2,Pop-Up Restaurants,
ly7L13OVHcSOm1JSuFwKwg,34.0976460995354,-118.352917253222,2,2,"Cocktail Bars, American, Steakhouses",1.0
adrzBN4C3jpoCAzJX-xscw,34.09859534428169,-118.30615557417823,2,2,"Thai, Noodles",1.0
p0sW66vtBj6OLG4QEMRpgw,34.03218,-118.36887,1,2,Tacos,1.0
osx53rqjXe6l9f5FJraVZw,34.10576,-118.34209,2,1,"Japanese, Asian Fusion, New American",2.0
Emurmrl9E3vOXmiEcq3qkw,34.0344334,-118.2916849,2,2,"Cafes, Breakfast & Brunch, Burgers",1.0
Mkig5cp3dXtM0ehM4F7z2Q,34.07709709601577,-118.26429237055224,1,2,"Gluten-Free, Mediterranean, Lebanese",1.0
1mb6fp_JRp4Y68GStJsGIQ,34.0472242,-118.2609078,2,1,"New American, Cocktail Bars, Tiki Bars",2.0
hGlDWVo8uqxksFSwWC3AZA,33.981056812997004,-118.44139661901453,2,2,"Italian, Noodles",1.0
CMp0w5cySb4n4XxgmoFdZQ,34.0669,-118.37592,1,2,"Dim Sum, Cantonese, Seafood",1.0
3vSIsnRUX2Td-8Zo3YGe3w,34.1022,-118.30645,0,2,"Thai, Street Vendors, Noodles",
7lhZv_79QeSLdxKFHHhckQ,34.05513,-118.38404,1,1,"Food Trucks, Breakfast & Brunch, Sandwiches",1.0
kvz1iB56k9MCkIlfMw3drQ,34.059464,-118.309536,0,2,"Vietnamese, Noodles",1.0
93Svns_JtCP3__wxlcSsbg,34.042005,-118.263016,2,2,"Cocktail Bars, American, Breakfast & Brunch",1.0
qDmJaJjLtjcB4Evd-VCbNA,34.02909410650919,-118.41171110776088,2,2,"Indonesian, Malaysian, Halal",1.0
Wrzpnwo2m-K6xoDGdP9NFw,34.07032693102424,-118.4050468,1,2,"Italian, Sandwiches",1.0
Bu8RRm7g3Z4X2e5OlAhuMQ,34.061802,-118.339277,0,2,Mexican,
j9CgbymJkQ08JUlNqxsjbw,34.0636367372311,-118.232733607292,1,2,"Desserts, Thai",0.0
anXcMj3V0-b5sapTI2UAlg,34.0690127468921,-118.405927240788,0,2,"Vietnamese, Asian Fusion",2.0
iSZpZgVnASwEmlq0DORY2A,34.04998060531799,-118.2400897,2,2,"Ramen, Noodles",1.0
T5XzED-R0r9KJz74EcHUNg,34.10199,-118.30323,2,2,Thai,1.0
drRIEHxmi6KtgXT4pUsLzQ,34.0524316,-118.2920432,2,1,"Korean, Comfort Food, Soup",1.0
5zYBoDGqO__fe5TYs6JapA,34.061114,-118.240917,0,2,"Chinese, Cambodian",1.0
ceCiXn-eAFNVYMXep2X3VQ,34.13638169903577,-118.35293011046066,2,2,"Japanese, Sushi Bars, Beer Bar",1.0
zD0Y5_YfUNWhoX315Wc-og,34.08900061142269,-118.34217549786862,1,2,"Middle Eastern, Falafel, Vegetarian",1.0
qX4i4xyc-8Im4PLpJX-L8g,34.03270331940081,-118.3599843,2,1,"Soul Food, Comfort Food, New American",1.0
VCu2IcNLXBi3hK5nNQzr1g,34.040813042535774,-118.26715005574484,0,1,"Japanese, Hot Pot, Sushi Bars",2.0
PJPubcB4oEtsqwnpu8SSJQ,34.091075,-118.36357,2,1,"New American, Lounges",2.0
Fc76lQREjE0mn3VK9rZ6QQ,34.0756034851074,-118.323287963867,2,1,"Coffee & Tea, Breakfast & Brunch, Sandwiches",1.0
k3FoWaRlEY7pnoPWpTg6cA,34.0513572692871,-118.27961730957,0,2,New American,
8efc5mYSXUk-GONWr1IScQ,34.10216,-118.30567,2,1,"Thai, Seafood, Pan Asian",1.0
0z23Jk7U_MpvtqKINPL2fA,34.0282923762355,-118.275208244705,2,2,"Hot Dogs, Beer Bar",1.0
P-pAAi56zMPPHfO7xf_wQQ,34.07512,-118.34437,2,2,"Vietnamese, Noodles, Sandwiches",1.0
D3VUJE1Ye4qFWiypiavtOw,34.1548299,-118.34559,2,2,"Italian, Pizza, Pasta Shops",1.0
FIhj_380IbJsHolPuNzk2A,34.091215,-118.3047549,1,2,"Mediterranean, Sandwiches, Kebab",0.0
eOE6OQX0P87jALUycKvR_w,34.10139,-118.33777,1,2,Indian,1.0
JFc9t0vL5n2bMLvTwcWGOQ,34.08879,-118.27684,1,1,"Chinese, Noodles, Coffee & Tea",1.0
Q6Gkv6-kmyMMVmMojCuaDw,34.045589,-118.235874,2,2,"Sushi Bars, Japanese, Seafood",1.0
WWO9yTCFy2c7GbnCN85S5w,34.02192236506729,-118.3965615,1,2,"Sports Bars, Burgers, Vegan",
f3PFV3Kw7TLFcF3E9YgTSw,34.083723,-118.311995,2,2,Colombian,1.0
eOJKjZemB_NfuKZTWFmjSQ,34.04106,-118.267098,0,1,"Sports Bars, Breakfast & Brunch, Gastropubs",
BmCxv24VjAgfjPWMPy1xiA,34.10175783482275,-118.34116046141402,0,2,Dim Sum,
quDRbtVyZHsvVeEMe0K6zw,34.073089805794716,-118.37602792775697,1,2,"Japanese, Barbeque",2.0
btsM7PFbuzohLbX0cxviYA,34.1406984083954,-118.3571468843,1,1,Latin American,1.0
OQtm6aFK58dUVJRBMTxyqg,34.0466898946907,-118.238583702377,1,2,Izakaya,2.0
eilkCCMDIhW3Tguf_Cmycw,34.07005689613974,-118.37682282073358,0,1,"Lounges, Tapas/Small Plates, Speakeasies",
HvDYCHDpgBy3CmzRD6gcMg,34.0533378,-118.3089351,2,2,"Vietnamese, Soup, Salad",1.0
DJWMXLbhweA65pAg0-6ZVQ,34.08332,-118.32738,1,2,"Seafood, Cajun/Creole",1.0
cjOPYO30o3HBDhVvsy7Hbw,34.0238098,-118.3941751,0,1,"French, Bars, Sandwiches",2.0
LHICgEaacuRSF4ixJLOAVA,34.08341436270028,-118.3757623,1,1,"Lounges, New American, Cocktail Bars",
iA20EiQzGr-0PKRH8h7wgg,34.073891,-118.216224,0,2,"Wine Bars, Cocktail Bars, Pan Asian",
guN1ZhKrXvQabzxqdtJTYQ,33.96424026254896,-118.35322187531963,2,2,Mexican,1.0
P_2Z_Wwk2Xtepobtxxsa6A,34.144035482435534,-118.25902519201706,2,2,"Dim Sum, Noodles, Soup",1.0
i9Lmrn6t-rxXzAzthcP9Hg,34.06277650000002,-118.30953124110452,0,2,"Breakfast & Brunch, Coffee & Tea",
1Fo6_QPQhuKOPOmNyHa74Q,34.04933,-118.242123,0,2,"Ramen, Noodles",1.0
borw1LsTQAwaCIoNoa35bw,34.06355,-118.28741,1,1,"Seafood, Cajun/Creole, Chicken Wings",1.0
5K-jAlFfFX1nnaeT8zsufw,34.057823,-118.308776,2,2,"Latin American, Peruvian, Chicken Shop",1.0
RrqZgfxIKRi6_s6lXaYVzQ,34.095947,-118.371902,2,2,"Burgers, Hot Dogs, Sandwiches",0.0
omUt_BKMikgTwxrz5OM6gQ,34.062284,-118.235879,2,2,"Cafes, Breakfast & Brunch",1.0
-7-7Rqxo2-4RiJ9Yv0T_-A,34.123661,-118.221004,1,1,"Peruvian, Cantonese, Taiwanese",2.0
5SVj7kpiXxCEnkzL_8wA1g,34.05049,-118.24406,2,2,"Cocktail Bars, New American",2.0
tcZMtDczkhU5Z2fQBGQfUQ,34.03268,-118.35315,0,2,"Bakeries, Cafes, Bars",
bJeMe365G76fcnFqBHxppg,34.06606,-118.23763,2,1,"Chinese, Seafood",1.0
vUe6SGmCpWRbVdmj1ujMMQ,34.062718,-118.309564,1,2,"Sushi Bars, Asian Fusion, Japanese",1.0
SqWYLEwZxJY7Et8w24lzjw,34.06410333,-118.283964,1,2,"Burgers, New American, Asian Fusion",1.0
iUaBD2m57Y1tgf_E_NtlmA,34.033339,-118.44215,0,2,Sushi Bars,
-b57JEtLl3V-kTn_VYaarA,34.1002474673489,-118.3292787531682,0,1,"Seafood, Caribbean",
HTFByVH44biQsc_R8sEOjg,34.0620862485445,-118.302658449143,2,2,Korean,1.0
MKzpvCubZUrS3WKa9NIgdQ,34.072889,-118.3745502,1,1,"Italian, Bars",2.0
meLKv6j3iQjuYlMKHIcFJQ,34.07282604160247,-118.35857400987662,1,2,Pizza,1.0
zRzmTeTnjf7Gm4WQzqd1xQ,34.102073259795894,-118.32445555017642,2,1,"Sushi Bars, Ramen, Beer Bar",1.0
NGdii-6GhGFUwD6HXEeGtg,34.0833787161873,-118.345596268773,2,2,"Japanese, Sushi Bars",1.0
Osce6shPInsQLAhtJEJnng,34.0953150563252,-118.30253090818807,2,2,Mexican,1.0
k7LtnuppnMlbIQDqNKO3MQ,34.08217,-118.30929,0,1,"Steakhouses, Seafood, New American",
y148iaa36UlRwyOc1-ZasA,34.046986,-118.255475,1,2,"Italian, Venues & Event Spaces, Cocktail Bars",2.0
5PQd_ZMVc6ZKDUhm3sVBEA,34.051471,-118.256423,1,2,Sandwiches,
E4W2T89vm4hmBwk39EoUuw,34.0836332933004,-118.34466214165636,2,1,Ramen,1.0
kBJdl7y-MALnpKwU_HcYkA,34.0264952086667,-118.38868056011874,1,1,"French, Wine Bars, Cocktail Bars",2.0
iDKPhqnZGbI5OqZxnj3ooA,34.0697186,-118.3078831,1,2,"Sushi Bars, Japanese, Asian Fusion",1.0
Zof4QDg2sJe3kle1cP9I9g,34.023497,-118.3934733,2,2,Sardinian,1.0
j3vvHO_58rHboxYHKD_B6w,34.04969,-118.25759,0,2,Indian,
vAGszIli2pkHf_0HolmLmw,34.10596,-118.27281,2,1,"Mexican, Cocktail Bars",1.0
TmuztHuzFydP4L6BxBkNXA,34.05761,-118.36165,1,2,"Dim Sum, Asian Fusion",1.0
LiOTgwAIorn3tDQz-ZJhaA,34.063852,-118.294609,2,1,"Korean, Tapas/Small Plates, Gastropubs",1.0
1xNQduoGeXOwp-06VneKeA,33.9762855538483,-118.363437652588,2,2,"Breakfast & Brunch, Soul Food",1.0
AZwTE95gi-LaH7kUHG1fSA,34.14627033,-118.363123,2,2,"Seafood, Cocktail Bars, Steakhouses",
FQARaeUQkrs69k-dFlelZA,34.074592,-118.251819,0,2,Food Court,
jiZnQu5Tm29WzjHtD3ec9Q,34.0789975532653,-118.311248976824,0,2,Burgers,
aoZd-4t2ueQRigj7WulZgw,34.05041555292451,-118.3621585,0,1,"Sandwiches, Ice Cream & Frozen Yogurt",
4amz1uLmqJWacGb7IJrCEA,34.0344856872052,-118.2312655,0,2,French,
i4jaeyr-C1KiN9rPj5qcfg,34.089067,-118.276331,1,2,"Sushi Bars, Japanese, Seafood",2.0
QQTMtl5-cN7htcwxKbdxUQ,34.0982749,-118.2977042,1,2,"Pizza, Sandwiches, Burgers",1.0
SDoOIzuz4k3m-SP071aykA,34.0630990152011,-118.29713344574,2,2,Korean,1.0
XQjnIHXi3jFRRNfcP_9c5Q,34.0677597,-118.3835901926424,2,2,"Moroccan, Wine Bars",2.0
0UucDMtDt97IQnljQSzjIg,34.105921017761936,-118.24420640627253,1,1,"Burgers, New American, Beer, Wine & Spirits",2.0
a5KvDCNBqX5UxuKTQY8ysw,34.13607,-118.35415,2,1,"Cocktail Bars, Mexican",1.0
Gu2xyQvF0pph3Z7AcDZHAw,34.03068340237639,-118.39953079144868,0,2,"Egyptian, Food Trucks",
lO4W_H8H4dqMK0OFZjHYKA,34.11717,-118.26132,0,2,Thai,
Fmh0WvVbegXwQz2I_ckFAA,34.00010923842883,-118.3142493796483,0,2,"Soul Food, Caribbean, Chicken Wings",
SvI6fyIQqBWswxwcE3LaOw,34.0275251,-118.3869177,2,1,"Spanish, Italian, Venues & Event Spaces",2.0
5JSRwc90j0V226stp1zWDA,34.0554157,-118.4420081,2,2,Italian,1.0
yUMzzmZt5R9yYBYDqa6P0Q,34.06744735550861,-118.30881915986538,0,2,"Japanese, Sushi Bars, Italian",1.0
FfuuxavSBU_umwIVr2r8bw,33.9969603594416,-118.431560132016,2,1,"Cocktail Bars, American, Wine Bars",2.0
wvOLfMsrzTlgZw6GDgbz0g,34.074708,-118.221158,1,2,"Wine Bars, Mediterranean, Vegetarian",1.0
cG2QWy4XDW4V-l4ufEKYnQ,34.0571,-118.36465,2,2,Ethiopian,1.0
QSvKxvGNNxtbtuLW64EwMg,34.101353,-118.338898,0,2,"Food Trucks, Tacos",
kornX_GAu5kTX5ALefTpFw,34.0853518,-118.2745658,1,2,"Filipino, Tapas/Small Plates, Comfort Food",1.0
uJsP8sLmdkA9-y7edDKBjQ,34.03343,-118.25216,0,1,"Korean, Chinese",0.0
Ttxn1SOuqsIB8raExy32iw,34.02601116505079,-118.21935067490342,0,2,"Coffee & Tea, Juice Bars & Smoothies, Sandwiches",
khApvUwH1Xhe3MtaXmaZsg,34.0978346161365,-118.3233207,1,2,"Cajun/Creole, Seafood, Soup",1.0
3e9GNOPdQH6SRxSPkw2FTQ,34.10722,-118.26418,2,1,"New American, Salad, Breakfast & Brunch",1.0
XzETpXkY01UjMKHWAEmTqw,34.0763949,-118.3050673,0,2,Korean,0.0
40A5cyaz0ozIlBF0upEKCg,34.08483,-118.28701,0,1,"New American, Mexican",
n44-dkjyvrqNpuN2J9chNQ,34.08332,-118.304284,1,2,"Bakeries, Coffee & Tea, Breakfast & Brunch",1.0
MKY8Z0-127vSGZd83uJXDg,34.05008389602654,-118.24235478154183,0,2,"Sushi Bars, Izakaya",
UicOQSYvsTJ1viCnj5czPA,34.062944,-118.365336,0,2,"Breakfast & Brunch, Sandwiches",1.0
RarCErEemglJ9ELuOZGwcw,34.083672,-118.324227,0,1,"Japanese, Sandwiches",
x54GDbBf-82ekbqrBiWKwg,34.087151928308465,-118.3766040503708,2,1,"Japanese, Sushi Bars, Asian Fusion",2.0
HX2xHdVx6_KdFSzOcI2ARA,34.07592,-118.36652,1,2,"Sandwiches, Coffee & Tea, Fast Food",1.0
crLXVV_bZwHRrHkppe2BzQ,34.05847,-118.27243,0,2,Food Court,
Z3Vbl79nkhkwZ3D2JYAjAg,34.06962,-118.27756,1,2,"Southern, Beer Bar, Dive Bars",1.0
c6-7m0hafQmFyBgWU2XtIg,34.040073,-118.443176,2,2,"Japanese, Noodles, Asian Fusion",1.0
yonwUihvT_BpM5izzDoyMg,34.01525125116,-118.33452932413246,1,2,"American, Breakfast & Brunch, Hawaiian",0.0
jJhbNZqBLbLK4IRVuoIgyg,34.08477,-118.28715,1,1,"New American, Wine Bars",1.0
kDVlUSFSUR8ZYIOJi4bDQQ,34.067837,-118.308804,1,2,"Chinese, Korean, Gastropubs",1.0
Hns7-VgOlBpv_089xqTBZA,34.0660603325114,-118.260219879448,1,2,"Coffee & Tea, Breakfast & Brunch, Acai Bowls",
Mr6w22suHjvQXX0-GLe6EA,34.0340906,-118.3621487,0,2,"Cheesesteaks, Burgers, Food Stands",
iDgSRXmuC7s4uYKo-1REtw,34.0337349,-118.24099,0,2,"Indonesian, Pop-Up Restaurants",
hThifVvziVJbn_GzsagItw,34.0988267,-118.3270184,2,1,"Pizza, Sports Bars, Italian",1.0
ObzVtIRkNeoF2yBqGBWywg,34.10409779105841,-118.29173679082383,0,1,"Cocktail Bars, Tacos",
_joblNyGX1-cs4ZZHYCNvw,34.0748603501321,-118.240410424769,0,1,Hawaiian,1.0
VKr1eRPJAH7RIAHXtrSG6A,34.05245,-118.3071,1,2,"Korean, Noodles, Soup",1.0
ZAZPJN4L_cSq6qXSN_U1dg,34.0528020301326,-118.250135182586,1,1,"Breakfast & Brunch, New American",2.0
